Rk,Player,Nation,Pos,Squad,League,Age,Born,MP,Starts,Min,90s,GA,GA90,SoTA,Saves,Save%,W,D,L,CS,CS%,PKatt,PKA,PKsv,PKmiss,PK Save%,FK GA,CK GA,OG GA,PSxG,PSxG/SoT,PSxG+/-,PSxG+/-p90,Launched Pass Cmp,Launched Pass Att,Launched Pass Cmp%,GK Throws,Launched Pass%,AvgLen Launched,Att Goal Kicks,Launch Goal Kicks%,AvgLen Goal Kicks,Crosses faced,Crosses stopped,Crosses Stp%,OPA Actions,OPA p90,OPA AvgDist,Cmp Passes,Att Passes,Total Pass Cmp%,TotDist,PrgDist,Cmp Short Passes,Att Short Passes,Cmp Short Passes%,Cmp Med Passes,Att Med Passes,Cmp Med Passes%,Cmp Long Passes,Att Long Passes,Cmp Long Passes%,Ast,xAG,xA,A-xAG,KP,Passes into Final third,PPA,CrsPA,PrgP
1,Krapyvtsov Vladyslav,ua UKR,GK,Girona,La Liga,19,2005,2,2,180,2,7,3.5,18,11,66.7,0,0,2,0,0,1,1,0,0,0,0,2,0,6.3,0.31,-0.7,-0.37,10,21,47.6,13,31.7,35.6,7,14.3,28.6,27,1,3.7,1,0.5,12.9,53,70,75.7,1585,1179,4,4,100,32,34,94.1,17,32,53.1,0,0,0,0,0,1,0,0,0
2,Iván Villar,es ESP,GK,Celta Vigo,La Liga,27,1997,4,4,360,4,9,2.25,18,10,50,2,0,2,0,0,1,0,1,0,100,0,3,2,8.2,0.4,1.2,0.3,3,22,13.6,15,14.6,24,35,28.6,26.9,65,1,1.5,5,1.25,14.8,95,117,81.2,1704,1111,30,30,100,44,44,100,10,32,31.3,0,0,0,0,0,0,0,0,0
3,Fran Vieites,es ESP,GK,Betis,La Liga,25,1999,4,4,360,4,5,1.25,11,6,54.5,1,2,1,0,0,0,0,0,0,,0,0,0,4.7,0.42,-0.3,-0.09,12,54,22.2,16,40,38,29,62.1,46.4,65,6,9.2,4,1,12.8,76,119,63.9,2047,1345,15,15,100,37,37,100,24,67,35.8,0,0,0,0,0,2,0,0,0
4,Marc-André ter Stegen,de GER,GK,Barcelona,La Liga,32,1992,8,8,674,7.5,9,1.2,22,13,63.6,7,0,1,1,12.5,1,1,0,0,0,0,1,0,6.4,0.26,-2.6,-0.34,15,31,48.4,40,12.1,26.5,27,14.8,32,83,5,6,13,1.74,17,233,251,92.8,5847,4091,26,26,100,151,153,98.7,56,72,77.8,0,0,0,0,0,1,1,0,2
5,Wojciech Szczęsny,pl POL,GK,Barcelona,La Liga,34,1990,15,15,"1,350",15,12,0.8,33,21,66.7,14,1,0,8,53.3,1,1,0,0,0,0,1,0,12,0.35,0,0,24,63,38.1,61,12.3,25.1,54,25.9,31,130,7,5.4,56,3.73,20.2,402,454,88.5,9086,5717,81,81,100,251,254,98.8,68,115,59.1,0,0,0,0,0,1,0,0,0
6,Juan Soriano,es ESP,GK,Leganés,La Liga,26,1997,6,6,540,6,7,1.17,25,19,72,1,2,3,1,16.7,0,0,0,0,,0,1,1,8.8,0.36,2.8,0.47,36,120,30,20,56.5,43.9,54,85.2,62.8,130,7,5.4,0,0,8.4,98,185,53,3513,2922,17,17,100,35,35,100,46,133,34.6,0,0,0,0,0,0,0,0,0
7,David Soria,es ESP,GK,Getafe,La Liga,31,1993,38,38,"3,420",38,39,1.03,126,86,75.4,11,9,18,9,23.7,9,8,1,0,11.1,0,5,0,42,0.29,3,0.08,300,799,37.5,68,72.6,48.8,304,91.1,61.5,479,25,5.2,39,1.03,14.7,513,1029,49.9,22539,20168,29,29,100,137,139,98.6,346,854,40.5,0,0,0.2,0,0,51,1,0,1
8,Antonio Sivera,es ESP,GK,Alavés,La Liga,27,1996,32,32,"2,810",31.2,39,1.25,112,75,73.2,9,10,13,8,25,9,9,0,0,0,2,2,2,39,0.28,2,0.06,297,724,41,70,71.8,47.7,229,85.6,60,453,30,6.6,29,0.93,12.7,521,967,53.9,22083,19812,37,37,100,150,153,98,332,771,43.1,0,0.1,0.2,-0.1,1,42,1,0,1
9,Unai Simón,es ESP,GK,Athletic Club,La Liga,27,1997,21,21,"1,890",21,14,0.67,62,47,79,10,8,3,10,47.6,2,1,1,0,50,0,2,0,16.3,0.24,2.3,0.11,106,284,37.3,91,36.2,34.4,117,77.8,58.3,250,19,7.6,28,1.33,15.5,455,654,69.6,13411,10783,64,64,100,238,242,98.3,152,343,44.3,0,0,0,0,0,12,0,0,0
10,Rui Silva,pt POR,GK,Betis,La Liga,30,1994,15,15,"1,350",15,18,1.2,54,37,72.2,5,5,5,4,26.7,3,3,0,0,0,0,3,1,18.4,0.3,1.4,0.1,45,144,31.3,70,26,30.8,76,36.8,35.9,194,10,5.2,31,2.07,18.9,412,524,78.6,10283,6196,66,66,100,250,250,100,93,203,45.8,0,0.1,0,-0.1,2,5,0,0,0
11,Leo Román,es ESP,GK,Mallorca,La Liga,24,2000,7,7,630,7,10,1.43,49,39,81.6,2,1,4,2,28.6,1,1,0,0,0,0,1,0,13.5,0.26,3.5,0.5,48,139,34.5,18,53.2,41.8,52,75,57.5,127,8,6.3,6,0.86,11.2,137,240,57.1,4877,4009,9,9,100,61,64,95.3,67,167,40.1,0,0,0,0,0,4,0,0,0
12,Adrian Rodriguez,es ESP,GK,Alavés,La Liga,23,2000,2,1,122,1.4,2,1.48,6,4,83.3,0,1,0,1,100,1,1,0,0,0,0,0,0,1.5,0.13,-0.5,-0.36,18,48,37.5,0,92.3,56.3,24,100,67.4,33,0,0,0,0,9.8,19,50,38,1160,1084,1,1,100,0,0,,18,48,37.5,0,0,0,0,0,1,0,0,0
13,Álex Remiro,es ESP,GK,Real Sociedad,La Liga,29,1995,36,36,"3,240",36,43,1.19,130,86,70.8,13,7,16,13,36.1,6,5,1,0,16.7,0,5,0,38,0.26,-5,-0.14,180,477,37.7,111,31.4,32.6,234,62.4,48.9,446,29,6.5,40,1.11,14.4,955,1291,74,26773,18734,137,137,100,513,523,98.1,305,625,48.8,0,0,0,0,1,14,0,0,1
14,Arnau Rafús,es ESP,GK,Valladolid,La Liga,21,2003,1,1,90,1,2,2,2,0,0,0,0,1,0,0,0,0,0,0,,1,0,0,0.5,0.23,-1.5,-1.53,7,15,46.7,5,34.2,34.9,5,40,39,14,1,7.1,1,1,11.4,33,43,76.7,1001,672,4,4,100,20,21,95.2,9,17,52.9,0,0,0,0,0,0,0,0,0
15,Iñaki Peña,es ESP,GK,Barcelona,La Liga,25,1999,16,15,"1,396",15.5,18,1.16,53,35,69.8,7,3,5,4,26.7,2,2,0,0,0,0,1,0,16.7,0.29,-1.3,-0.08,23,78,29.5,80,10.8,24.7,84,22.6,30.3,142,3,2.1,89,5.74,23.5,563,631,89.2,12506,7111,97,98,99,385,388,99.2,79,143,55.2,0,0,0,0,0,0,0,0,3
16,Alex Padilla,es ESP,GK,Athletic Club,La Liga,20,2003,5,3,321,3.6,6,1.68,17,12,70.6,0,1,2,0,0,1,1,0,0,0,0,1,1,4.8,0.26,-0.2,-0.06,27,78,34.6,15,58.2,41.5,22,95.5,64.5,57,2,3.5,3,0.84,13.4,67,121,55.4,2317,1964,9,9,100,25,25,100,33,86,38.4,0,0,0,0,0,4,0,0,0
17,Jesús Owono,gq EQG,GK,Alavés,La Liga,23,2001,6,5,487,5.4,7,1.29,14,7,57.1,1,1,3,0,0,1,1,0,0,0,0,2,0,5.4,0.37,-1.6,-0.29,46,105,43.8,12,55.6,43,36,97.2,67.5,66,6,9.1,2,0.37,8.9,99,163,60.7,3878,3470,10,10,100,36,36,100,53,115,46.1,0,0,0,0,0,5,0,0,0
18,Jan Oblak,si SVN,GK,Atlético Madrid,La Liga,31,1993,36,36,"3,240",36,30,0.83,114,86,78.1,20,10,6,15,41.7,5,5,0,0,0,1,3,2,25.6,0.19,-2.4,-0.07,109,277,39.4,183,24.3,30.2,277,41.2,36.7,488,28,5.7,28,0.78,14,763,948,80.5,19982,13324,139,139,100,407,410,99.3,211,392,53.8,0,0,0,0,0,7,0,0,0
19,Ørjan Nyland,no NOR,GK,Sevilla,La Liga,33,1990,30,30,"2,673",29.7,39,1.31,112,73,67.9,8,10,12,7,23.3,4,3,1,0,25,3,3,1,37.1,0.31,-0.9,-0.03,118,445,26.5,114,42.1,37.2,166,56,46,408,20,4.9,29,0.98,13.8,637,1007,63.3,17132,12890,154,155,99.4,294,304,96.7,188,541,34.8,0,0.3,0.1,-0.3,4,27,2,0,1
20,Juan Musso,ar ARG,GK,Atlético Madrid,La Liga,30,1994,2,2,180,2,0,0,2,2,100,2,0,0,2,100,0,0,0,0,,0,0,0,0.1,0.05,0.1,0.05,1,9,11.1,11,15.2,24,13,15.4,25.2,23,2,8.7,0,0,11.2,51,60,85,972,521,17,17,100,29,29,100,5,13,38.5,0,0,0,0,0,0,0,0,0
21,Unai Marrero,es ESP,GK,Real Sociedad,La Liga,22,2001,2,2,180,2,3,1.5,12,8,75,0,0,2,0,0,1,0,1,0,100,0,0,0,3.5,0.22,0.5,0.26,7,16,43.8,11,24.4,28.3,15,40,35.1,21,1,4.8,3,1.5,16.8,46,57,80.7,1155,682,9,9,100,25,26,96.2,12,21,57.1,0,0,0,0,0,0,0,0,0
22,Giorgi Mamardashvili,ge GEO,GK,Valencia,La Liga,23,2000,34,34,"3,060",34,48,1.41,136,89,68.4,11,11,12,8,23.5,7,5,2,0,28.6,0,4,3,46.1,0.3,1.1,0.03,141,449,31.4,134,36,34.5,219,63.9,49.6,472,33,7,38,1.12,14.3,732,1080,67.8,20581,15111,131,131,100,393,398,98.7,208,548,38,0,0.1,0.1,-0.1,2,11,1,0,0
23,Andriy Lunin,ua UKR,GK,Real Madrid,La Liga,25,1999,7,7,630,7,7,1,20,13,65,6,0,1,4,57.1,0,0,0,0,,0,0,0,6.4,0.32,-0.6,-0.09,21,42,50,29,20,26.9,45,24.4,30.6,61,2,3.3,12,1.71,14.9,174,202,86.1,4252,2741,46,47,97.9,82,82,100,45,70,64.3,1,0.9,0,0.1,1,1,0,0,0
24,Pau López,es ESP,GK,Girona,La Liga,29,1994,1,0,45,0.5,2,4,3,1,33.3,0,0,0,0,,0,0,0,0,,0,0,0,1.3,0.44,-0.7,-1.33,4,9,44.4,2,35.3,35.8,7,42.9,38.7,17,3,17.6,1,2,9.8,18,24,75,545,414,2,2,100,12,12,100,4,10,40,0,0,0.1,0,0,2,1,0,0
25,Luiz Lúcio Reis Júnior,br BRA,GK,Villarreal,La Liga,23,2001,17,16,"1,458",16.2,18,1.11,66,48,78.8,9,4,3,5,31.3,4,4,0,0,0,1,0,0,18.1,0.23,0.1,0,61,178,34.3,96,31.9,31.6,99,53.5,43.6,256,16,6.3,20,1.23,12.2,359,491,73.1,9354,6717,92,93,98.9,160,164,97.6,100,226,44.2,0,0,0,0,0,6,0,0,0
26,Karl Jakob Hein,ee EST,GK,Valladolid,La Liga,22,2002,31,31,"2,790",31,68,2.19,163,96,60.7,4,4,23,5,16.1,4,4,0,0,0,1,4,1,58.8,0.35,-8.2,-0.27,165,452,36.5,136,32.6,33.9,224,64.7,51.7,474,34,7.2,34,1.1,14,856,1167,73.4,24822,17328,126,126,100,472,477,99,258,562,45.9,0,0,0.1,0,0,22,0,0,0
27,Dinko Horkaš,hr CRO,GK,Las Palmas,La Liga,25,1999,13,11,"1,085",12.1,19,1.58,54,35,66.7,2,0,9,1,9.1,2,1,1,0,50,0,0,1,19.4,0.34,1.4,0.11,69,175,39.4,53,31.8,32.5,47,51.1,43,148,9,6.1,16,1.33,15.6,397,525,75.6,10570,7433,72,72,100,217,221,98.2,107,228,46.9,0,0,0,0,0,12,0,0,2
28,Sergio Herrera,es ESP,GK,Osasuna,La Liga,31,1993,37,37,"3,330",37,52,1.41,182,131,75.3,12,15,10,8,21.6,7,7,0,0,0,1,4,1,56.2,0.28,5.2,0.14,277,614,45.1,139,43.2,37.6,276,71.4,50.7,524,32,6.1,85,2.3,19.7,871,1246,69.9,29072,23382,98,99,99,389,397,98,384,746,51.5,0,0,0.1,0,0,29,0,0,2
29,Vicente Guaita,es ESP,GK,Celta Vigo,La Liga,37,1987,34,34,"3,060",34,48,1.41,127,79,64.6,14,7,13,8,23.5,3,3,0,0,0,0,6,0,40.6,0.3,-7.4,-0.22,66,220,30,195,18.4,27.3,230,36.5,35.4,436,26,6,44,1.29,14,798,972,82.1,18728,11766,186,187,99.5,416,422,98.6,180,345,52.2,0,0,0,0,0,2,0,0,1
30,Dominik Greif,sk SVK,GK,Mallorca,La Liga,27,1997,31,31,"2,790",31,34,1.1,116,83,72.4,11,8,12,7,22.6,2,2,0,0,0,0,3,1,33.9,0.28,0.9,0.03,191,475,40.2,126,41.9,36.4,193,62.2,48.3,511,15,2.9,21,0.68,12.9,735,1047,70.2,22443,17751,129,129,100,344,345,99.7,261,564,46.3,0,0,0.1,0,0,17,2,0,0
31,Paulo Gazzaniga,ar ARG,GK,Girona,La Liga,32,1992,36,36,"3,195",35.5,51,1.44,143,90,65.7,11,8,17,8,22.2,5,2,3,0,60,1,5,1,45.4,0.29,-4.6,-0.13,93,298,31.2,137,21.6,29.4,180,42.2,40,419,36,8.6,33,0.93,12.6,969,1211,80,23463,15697,225,226,99.6,540,552,97.8,203,425,47.8,0,0,0,0,0,11,0,0,0
32,Joan García,es ESP,GK,Espanyol,La Liga,23,2001,38,38,"3,420",38,51,1.34,192,140,75.5,11,9,18,8,21.1,6,4,2,0,33.3,2,6,1,57.7,0.28,7.7,0.2,194,526,36.9,197,37.6,34.8,216,62.5,48.5,670,64,9.6,35,0.92,12,901,1259,71.6,25475,19491,184,186,98.9,402,407,98.8,310,657,47.2,0,0,0.1,0,0,25,1,0,1
33,Fran,es ESP,GK,Real Madrid,La Liga,19,2005,1,1,90,1,2,2,2,0,0,0,0,1,0,0,0,0,0,0,,0,1,0,0.9,0.43,-1.1,-1.14,1,2,50,3,12.5,24,4,0,14.8,5,1,20,1,1,12,19,20,95,386,262,7,7,100,8,8,100,4,5,80,0,0,0,0,0,0,0,0,0
34,André Ferreira,pt POR,GK,Valladolid,La Liga,28,1996,6,6,540,6,20,3.33,39,19,56.4,0,0,6,0,0,3,3,0,0,0,0,1,0,15.3,0.35,-4.7,-0.79,30,83,36.1,26,37,33.8,56,57.1,41.7,92,4,4.3,3,0.5,10.4,138,195,70.8,3984,2985,19,19,100,77,77,100,42,98,42.9,0,0,0,0,0,1,0,0,0
35,Álvaro Fernández,es ESP,GK,Sevilla,La Liga,26,1998,9,8,747,8.3,16,1.93,36,20,61.1,2,1,5,3,37.5,2,2,0,0,0,0,1,0,11.1,0.25,-4.9,-0.59,37,142,26.1,32,39.6,34.3,46,69.6,49.3,106,7,6.6,14,1.69,16.5,212,325,65.2,5528,3863,50,50,100,107,108,99.1,55,166,33.1,0,0.1,0,-0.1,1,6,0,0,0
36,Aitor Fernández,es ESP,GK,Osasuna,La Liga,33,1991,1,1,90,1,0,0,5,5,100,0,1,0,1,100,0,0,0,0,,0,0,0,1.2,0.23,1.2,1.15,19,35,54.3,4,70.6,44.4,11,100,59.9,14,1,7.1,1,1,10.6,29,45,64.4,1243,1147,0,0,,10,10,100,19,35,54.3,0,0,0,0,0,1,0,0,0
37,Marko Dmitrović,rs SRB,GK,Leganés,La Liga,32,1992,32,32,"2,880",32,49,1.53,150,103,72,8,11,13,10,31.3,8,7,0,1,0,1,9,2,50.2,0.3,3.2,0.1,201,765,26.3,112,65.3,47.2,303,92.4,66.2,579,49,8.5,53,1.66,14.5,470,1052,44.7,17633,14941,56,56,100,169,171,98.8,245,818,30,0,0.2,0.1,-0.2,1,28,0,0,1
38,Stole Dimitrievski,mk MKD,GK,Valencia,La Liga,30,1993,4,4,360,4,6,1.5,12,6,58.3,0,2,2,0,0,2,1,0,1,0,0,0,0,4.5,0.29,-1.5,-0.38,15,72,20.8,25,49.6,40.5,20,80,53.6,51,3,5.9,16,4,25.7,68,133,51.1,2105,1516,6,6,100,35,37,94.6,27,90,30,0,0,0,0,0,3,0,0,0
39,Thibaut Courtois,be BEL,GK,Real Madrid,La Liga,32,1992,30,30,"2,700",30,29,0.97,104,76,75,20,6,4,11,36.7,3,3,0,0,0,0,6,1,28.7,0.27,0.7,0.02,62,214,29,173,18.5,28.2,148,35.8,39.1,350,16,4.6,14,0.47,10.7,848,1020,83.1,20000,12835,163,164,99.4,526,530,99.2,158,324,48.8,0,0.1,0,-0.1,1,4,0,0,0
40,Diego Conde,es ESP,GK,Villarreal,La Liga,25,1998,22,22,"1,962",21.8,33,1.51,94,62,68.1,11,6,5,2,9.1,4,3,0,1,0,1,6,1,26.5,0.26,-5.5,-0.25,60,161,37.3,111,22.7,28.2,107,37.4,36.3,323,18,5.6,16,0.73,11.9,518,640,80.9,12408,8028,123,124,99.2,284,290,97.9,108,222,48.6,1,0.2,0,0.8,2,7,1,0,0
41,Jasper Cillessen,nl NED,GK,Las Palmas,La Liga,35,1989,27,27,"2,335",25.9,42,1.62,128,85,70.3,6,8,13,3,11.1,8,4,3,1,42.9,0,4,2,44.3,0.3,4.3,0.16,124,409,30.3,142,39.5,34.5,179,47.5,43.1,413,13,3.1,20,0.77,14.5,683,1002,68.2,18003,13417,147,149,98.7,340,347,98,194,501,38.7,0,0,0,0,0,15,0,0,0
42,Cárdenas,es ESP,GK,Rayo Vallecano,La Liga,27,1997,6,6,540,6,6,1,20,14,70,3,1,2,2,33.3,0,0,0,0,,0,0,0,5.6,0.29,-0.4,-0.06,26,106,24.5,21,56.8,44.3,46,67.4,51.9,79,2,2.5,1,0.17,10.2,94,179,52.5,3014,2377,11,11,100,51,52,98.1,32,115,27.8,0,0,0,0,0,2,0,0,0
43,Augusto Batalla,ar ARG,GK,Rayo Vallecano,La Liga,28,1996,32,32,"2,880",32,39,1.22,133,93,75.2,10,12,10,8,25,8,6,2,0,25,0,6,1,40,0.25,2,0.06,177,534,33.1,129,42.3,38.2,184,63,51.1,453,35,7.7,38,1.19,14.4,784,1177,66.6,23121,17259,121,122,99.2,397,403,98.5,265,645,41.1,0,0,0.1,0,1,25,1,0,2
44,Julen Agirrezabala,es ESP,GK,Athletic Club,La Liga,23,2000,14,14,"1,206",13.4,9,0.67,34,24,76.5,9,4,1,5,35.7,2,1,1,0,50,2,1,0,10.5,0.27,1.5,0.11,57,178,32,51,37.5,33.9,66,75.8,54.9,143,20,14,17,1.27,14.2,281,411,68.4,7681,5777,46,46,100,165,165,100,70,196,35.7,0,0,0,0,0,1,0,0,0
45,Adrián,es ESP,GK,Betis,La Liga,37,1987,19,19,"1,710",19,27,1.42,76,49,65.8,10,5,4,3,15.8,1,1,0,0,0,2,5,0,26,0.33,-1,-0.05,58,178,32.6,91,28,31.2,109,33,33.8,257,14,5.4,16,0.84,11.7,474,619,76.6,12206,8309,74,76,97.4,265,268,98.9,134,269,49.8,0,0,0,0,0,4,0,0,0
46,Melvin Zinga,fr FRA,GK,Angers,Ligue-1,23-065,2002,1,1,90,1,2,2,4,2,75,0,0,1,0,0,1,1,0,0,0,0,0,0,2.4,0.41,0.4,0.4,2,11,18.2,4,40.9,39,11,18.2,25.6,20,1,5,2,2,16.8,21,33,63.6,541,361,3,3,100,12,12,100,6,18,33.3,0,0,0,0,0,0,0,0,0
47,Arnau Tenas,es ESP,GK,Paris S-G,Ligue-1,23-355,2001,1,1,90,1,1,1,4,3,75,1,0,0,0,0,0,0,0,0,,0,0,0,1.5,0.37,0.5,0.46,3,4,75,4,13.3,25.4,2,0,21.5,5,1,20,1,1,15.6,31,32,96.9,757,538,9,9,100,13,13,100,9,10,90,1,0.2,0.1,0.8,2,2,1,0,1
48,Brice Samba (Lens),fr FRA,GK,Lens,Ligue-1,31-025,1994,15,15,"1,350",15,0.93,0.93,3.6,2.67,81.5,0.4,0.4,0.2,0.47,46.7,0.27,0.27,0,0,0,0.13,0.2,0,1.17,0.26,0.23,0.23,5.47,10.9,50.3,4.07,29.7,30.5,5.07,44.7,36.1,10.1,1.13,11.2,1.47,1.47,16.1,27.7,34.1,81.1,745.6,517.7,5.93,6,98.9,12.3,12.5,98.4,9.2,15.3,60.3,0,0,0.01,0,0,1,0.07,0,0.07
49,Brice Samba (Rennes),fr FRA,GK,Rennes,Ligue-1,31-025,1994,17,17,"1,529",17,1.59,1.59,5.12,3.41,70.1,0.41,0,0.59,0.29,29.4,0.18,0.06,0.12,0,66.7,0.06,0.24,0,1.72,0.32,0.13,0.13,3.41,10.5,32.6,3.76,24.4,29.7,6,38.2,33.3,13.2,0.94,7.1,0.88,0.88,13.2,30.9,39.5,78.1,764.4,470.5,5.82,5.88,99,17.6,18.1,97.1,7.47,15.5,48.3,0,0,0,0,0,0.41,0,0,0.06
50,Matvei Safonov,ru RUS,GK,Paris S-G,Ligue-1,26-084,1999,10,9,879,9.8,0.92,0.92,2.55,1.73,72,0.71,0.1,0.1,0.31,33.3,0.2,0.2,0,0,0,0,0.2,0.1,0.73,0.26,-0.08,-0.08,3.67,8.47,43.4,4.69,26.3,29.1,4.9,29.2,28.8,9.59,0.51,5.3,1.43,1.43,18,25.5,31.7,80.4,626.8,404.6,5.2,5.2,100,14,14,100,6.22,12.2,50.8,0,0,0,0,0,0.51,0,0,0
51,Mathew Ryan,au AUS,GK,Lens,Ligue-1,33-042,1992,14,14,"1,260",14,1.21,1.21,4.43,3.14,75.8,0.57,0.07,0.36,0.43,42.9,0.21,0.14,0.07,0,33.3,0,0,0,1.39,0.28,0.18,0.18,3.29,9.64,34.1,5.64,31.3,32.3,4.71,42.4,35.3,12.6,1.43,11.4,0.71,0.71,11.6,21.8,29.1,74.8,562.7,371.2,5.86,5.86,100,8.86,9,98.4,6.93,14.1,49,0,0,0,0,0,0.14,0,0,0
52,Gerónimo Rulli,ar ARG,GK,Marseille,Ligue-1,33-000,1992,34,34,"3,060",34,1.38,1.38,3.97,2.56,67.4,0.59,0.15,0.26,0.15,14.7,0.18,0.09,0.09,0,50,0.03,0.12,0.06,1.4,0.33,0.07,0.07,2.71,5.94,45.5,3.91,15,24.4,3.09,35.2,32.7,9.09,0.82,9.1,1.74,1.74,18.3,31.1,35.4,87.9,673.2,440.5,9.21,9.26,99.4,15.7,16,98.3,5.76,9.68,59.6,0,0,0,0,0.06,0.21,0,0,0.03
53,Guillaume Restes,fr FRA,GK,Toulouse,Ligue-1,20-070,2005,29,29,"2,543",28.3,1.27,1.27,3.25,2.05,62,0.32,0.25,0.46,0.28,27.6,0.07,0.04,0.04,0,50,0.04,0.11,0.11,0.99,0.29,-0.18,-0.18,2.83,10.1,28,2.93,30.8,30.3,4.77,57.8,42.8,12.7,0.18,1.4,1.2,1.2,16.9,20.7,28.7,72.4,500.9,342.9,5.19,5.23,99.3,10.6,10.8,98.7,4.77,12.4,38.4,0.04,0,0,0.03,0.04,0.21,0,0,0
54,Đorđe Petrović,rs SRB,GK,Strasbourg,Ligue-1,25-224,1999,31,31,"2,790",31,1.23,1.23,4.74,3.55,78.9,0.48,0.26,0.26,0.32,32.3,0.26,0.23,0.03,0,12.5,0,0.1,0.06,1.48,0.27,0.32,0.32,3.77,11.6,32.4,4.1,20.9,27.4,3.45,56.1,45.6,15.8,1.32,8.4,1.52,1.52,15.2,40.1,49.9,80.4,909.8,565.6,10.6,10.7,99.4,22.4,22.8,98.3,7.06,16.3,43.4,0,0,0,0,0,0.71,0.03,0,0.03
55,Lucas Perri,br BRA,GK,Lyon,Ligue-1,27-161,1997,33,33,"2,970",33,1.33,1.33,4.85,3.52,74.4,0.52,0.18,0.3,0.3,30.3,0.09,0.09,0,0,0,0.03,0.18,0,1.45,0.29,0.12,0.12,3.06,9.39,32.6,5.55,28.1,30.5,4.61,40.8,37.6,12.6,0.79,6.3,0.88,0.88,13.5,24.2,31.5,76.8,597.6,393.4,5.24,5.24,100,13.7,13.9,98,5.27,12.1,43.5,0,0,0,0,0.03,0.61,0,0,0
56,Steve Mandanda,fr FRA,GK,Rennes,Ligue-1,40-053,1985,18,17,"1,486",16.5,1.39,1.39,3.09,1.76,58.8,0.36,0.12,0.55,0.36,35.3,0.18,0.12,0.06,0,33.3,0,0.12,0.12,1.03,0.29,-0.24,-0.24,3.7,10.9,33.9,4,33.6,32.7,4.42,50.7,41.6,10.6,0.42,4,1.27,1.27,15.7,21.4,30.2,70.7,568.7,422.2,4.06,4.06,100,10.8,11.2,96.8,6.42,14.8,43.3,0,0.01,0,-0.01,0.12,0.48,0,0,0
57,Radosław Majecki,pl POL,GK,Monaco,Ligue-1,25-185,1999,15,15,"1,350",15,1.47,1.47,4.33,2.87,69.2,0.47,0.13,0.4,0.2,20,0.13,0.13,0,0,0,0.07,0.07,0,1.41,0.31,-0.06,-0.06,1.8,7.47,24.1,5.07,26.6,30.5,5.8,31,32.8,10.3,0.93,9.1,1.2,1.2,14,20.3,27.1,74.7,478.5,334.3,4.53,4.53,100,11.5,11.5,100,4.07,10.9,37.2,0,0,0,0,0,0.07,0,0,0.07
58,Anthony Lopes,pt POR,GK,Nantes,Ligue-1,34-231,1990,18,18,"1,563",17.4,1.49,1.5,4.08,2.64,69,0.29,0.34,0.4,0.17,16.7,0.29,0.23,0,0.06,0,0,0.06,0.06,1.47,0.32,0.03,0.03,5.11,14.8,34.6,3.22,40.4,35.8,5.52,78.1,49.4,17.7,0.92,5.2,0.46,0.46,11,20.5,31.4,65.1,624.9,463.4,2.59,2.59,100,9.54,9.6,99.4,8.33,19.3,43.3,0,0,0,0,0,0.23,0,0,0
59,Donovan Léon,gf GUF,GK,Auxerre,Ligue-1,32-198,1992,32,32,"2,880",32,1.5,1.5,5.13,3.69,73.8,0.34,0.25,0.41,0.28,28.1,0.19,0.16,0.03,0,16.7,0,0.22,0.09,1.74,0.32,0.34,0.34,6.66,20.3,32.8,5.41,53,42,6.09,78.5,56.4,16.2,0.88,5.4,1.22,1.22,14.6,20.9,35.4,59.2,696.1,561.7,2.91,2.94,98.9,8.72,8.84,98.6,9.25,23.4,39.5,0.06,0.01,0,0.05,0.09,1,0.06,0,0.03
60,Benjamin Lecomte,fr FRA,GK,Montpellier,Ligue-1,34-024,1991,30,30,"2,700",30,2.27,2.27,5.77,3.57,64.2,0.1,0.13,0.77,0.03,3.3,0.23,0.2,0.03,0,14.3,0,0.17,0.1,1.91,0.31,-0.19,-0.2,5.9,15,39.4,3.83,42.5,36.2,6.13,56,42.4,13.6,0.67,4.9,0.87,0.9,14.3,22.5,33.3,67.6,679,552.1,3.63,3.67,99.1,8.8,9.1,96.7,9.9,20.3,48.8,0,0,0,0,0.1,0.83,0.03,0,0.03
61,Gautier Larsonneur,fr FRA,GK,Saint-Étienne,Ligue-1,28-086,1997,34,34,"3,060",34,2.26,2.26,6.15,3.88,69.4,0.24,0.18,0.59,0.15,14.7,0.44,0.38,0.06,0,13.3,0,0.12,0.06,2.16,0.3,-0.04,-0.04,3.85,14.3,27,4.26,38.8,34.7,6.03,52.2,40.5,15,0.71,4.7,0.97,1,14,23,34.9,66,603.7,459.1,4.47,4.47,100,12.2,12.4,97.9,6.29,17.8,35.3,0,0,0,0,0.03,0.32,0,0,0
62,Alban Lafont,fr FRA,GK,Nantes,Ligue-1,26-117,1999,12,12,"1,080",12,1.58,1.58,4.08,2.67,67.3,0.17,0.33,0.5,0.17,16.7,0.25,0.25,0,0,0,0,0.17,0.17,1.4,0.3,-0.02,-0.02,3.33,11.9,28,4.67,34,34.9,4.75,66.7,51.1,16.7,1.33,8,0.5,0.5,10.6,21.3,30.6,69.8,588.2,441,3.42,3.42,100,12.3,12.3,100,5.67,14.8,38.4,0,0,0,0,0.17,0.83,0,0,0
63,Philipp Köhn,ch SUI,GK,Monaco,Ligue-1,27-048,1998,19,19,"1,710",19,1,1,3.32,2.32,71.4,0.58,0.26,0.16,0.42,42.1,0.05,0.05,0,0,0,0,0.11,0,0.91,0.26,-0.09,-0.1,2.63,8.26,31.8,3.68,25.7,29.9,5.21,42.4,38.1,11.8,0.84,7.1,1.05,1.05,14.8,21.8,28.7,75.8,550.6,384.1,4,4,100,11.6,12,96.9,6.11,12.7,48.1,0,0,0,0,0,0.11,0,0,0
64,Hervé Koffi,bf BFA,GK,Lens,Ligue-1,28-216,1996,5,5,450,5,1.6,1.6,5.2,3.6,76.9,0.2,0,0.8,0,0,0.4,0.4,0,0,0,0,0.2,0,2.22,0.38,0.62,0.61,2.8,8.4,33.3,4.4,29.6,33.2,3.8,42.1,36.4,10.6,0.8,7.5,0.4,0.4,9.4,19.6,27,72.6,526.2,387.6,4,4.2,95.2,9,9.2,97.8,6.6,13.4,49.3,0,0,0,0,0,0.8,0,0,0
65,Karl-Johan Johnsson,se SWE,GK,Strasbourg,Ligue-1,35-112,1990,3,3,270,3,2,2,7.33,5.33,77.3,0.33,0.33,0.33,0,0,0.33,0.33,0,0,0,0,0,0,2.23,0.26,0.23,0.22,2,7.33,27.3,7,15.6,23.9,2.33,42.9,39.7,16,0.67,4.2,1,1,11.1,35.7,43,82.9,719.3,424,10.7,10.7,100,21,21.7,96.9,4,10.7,37.5,0,0,0,0,0,0,0,0,0
66,Kjetil Haug,no NOR,GK,Toulouse,Ligue-1,26-342,1998,6,5,498,5.5,1.27,1.27,2.91,1.64,56.3,0.36,0.36,0.18,0.18,20,0,0,0,0,,0,0.36,0,1.2,0.45,-0.07,-0.06,2.91,10.9,26.7,2.36,37.9,34.1,6.36,68.6,49.1,13.1,0.91,6.9,0.55,0.54,12.1,14.9,23.6,63.1,432.7,304.7,2,2,100,7.45,7.64,97.6,5.45,14,39,0,0,0,0,0,0.55,0,0,0
67,Mathieu Gorgelin,fr FRA,GK,Le Havre,Ligue-1,34-288,1990,16,16,"1,440",16,2.06,2.06,5.13,3.13,63.4,0.31,0.25,0.44,0.06,6.3,0.19,0.19,0,0,0,0,0.25,0.06,2.14,0.4,0.14,0.14,4.94,11.4,43.2,4.69,32.9,32.4,6.19,40.4,34.6,16.8,1.31,7.8,0.5,0.5,10.5,26.1,33.5,77.8,707.3,456,4.69,4.75,98.7,13.1,13.3,98.6,8.19,15.3,53.7,0,0,0,0,0,0.19,0,0,0
68,Gauthier Gallon,fr FRA,GK,Rennes,Ligue-1,32-027,1993,1,0,45,0.5,0,0,0,0,,0,0,0,0,,0,0,0,0,,0,0,0,0,,0,0,0,6,0,4,13.3,23.8,8,25,26.3,4,0,0,2,2,28,32,38,84.2,554,350,14,14,100,14,14,100,4,10,40,0,0,0,0,0,0,0,0,0
69,Yahia Fofana,ci CIV,GK,Angers,Ligue-1,24-272,2000,33,33,"2,970",33,1.55,1.55,5.64,4.09,74.2,0.3,0.18,0.52,0.21,21.2,0.12,0.09,0,0.03,0,0,0.21,0,1.92,0.34,0.38,0.38,4.36,13.2,33.1,5.45,38.6,35.8,7.91,55.6,43.6,16.1,1.45,9,0.61,0.61,10.7,21.1,30.7,68.7,613.9,430.7,2.82,2.82,100,10.9,11.1,98.4,7.33,16.7,44,0,0,0,0,0.03,0.33,0,0,0
70,Gianluigi Donnarumma,it ITA,GK,Paris S-G,Ligue-1,26-084,1999,24,24,"2,091",23.2,1.08,1.08,3.19,2.11,67.6,0.78,0.22,0.04,0.17,16.7,0.04,0.04,0,0,0,0.04,0.17,0,0.94,0.29,-0.14,-0.14,1.51,4.35,34.7,3.88,13.6,25.1,3.84,30.3,28.2,8.58,0.43,5,0.82,0.82,14.4,23.8,27.2,87.3,524.7,305.7,5.09,5.09,100,14.3,14.5,98.8,4.35,7.63,57.1,0,0,0,0,0,0.13,0,0,0
71,Álex Domínguez,es ESP,GK,Toulouse,Ligue-1,26-294,1998,1,0,19,0.2,0,0,0,0,,0,0,0,5,,0,0,0,0,,0,0,0,0,,0,0,10,25,40,5,25,30,15,100,69.3,35,0,0,0,0,,40,55,72.7,1275,975,10,10,100,10,10,100,15,30,50,0,0,0,0,0,0,0,0,0
72,Yehvann Diouf,fr FRA,GK,Reims,Ligue-1,25-185,1999,34,34,"3,060",34,1.38,1.38,5.26,3.85,76,0.24,0.26,0.5,0.21,20.6,0.15,0.12,0.03,0,20,0.03,0.24,0,1.81,0.33,0.43,0.43,4.53,14,32.3,4.5,34.4,33.3,6.47,61.4,45,16.3,0.91,5.6,1.24,1.24,14.6,24.9,35.9,69.6,678,493.9,4.68,4.74,98.8,12.3,12.6,97.2,7.88,18.1,43.4,0,0,0,0,0,0.35,0,0,0.03
73,Arthur Desmas,fr FRA,GK,Le Havre,Ligue-1,31-043,1994,18,18,"1,620",18,2.11,2.11,5.17,3,61.3,0.28,0,0.72,0.17,16.7,0.17,0.11,0.06,0,33.3,0.06,0.22,0,2.15,0.4,0.04,0.04,3.11,8.39,37.1,4,28.5,30.9,6.5,30.8,29.6,15.4,0.67,4.3,0.39,0.39,11.9,22.8,29,78.7,570.7,359.4,4.61,4.61,100,12.7,12.8,98.7,5.5,11.4,48.3,0,0,0,0,0.06,0.39,0,0,0
74,Rémy Descamps,fr FRA,GK,Lyon,Ligue-1,28-329,1996,1,1,90,1,2,2,6,4,66.7,0,0,1,0,0,0,0,0,0,,0,0,0,1.4,0.23,-0.6,-0.62,1,4,25,2,14.3,27.5,2,0,16,7,0,0,0,0,7,27,30,90,635,351,7,7,100,12,12,100,8,11,72.7,0,0,0,0,0,0,0,0,0
75,Théo De Percin,mq MTQ,GK,Auxerre,Ligue-1,24-107,2001,2,2,180,2,1.5,1.5,4.5,2.5,77.8,0,0.5,0.5,0.5,50,1,0.5,0.5,0,50,0,0,0,1.75,0.22,0.25,0.23,4,15.5,25.8,2.5,45.7,40.3,6,83.3,55.3,19,1.5,7.9,1.5,1.5,13.1,15.5,29,53.4,529.5,426,1.5,1.5,100,4.5,5,90,9.5,22,43.2,0,0,0,0,0,0.5,0,0,0
76,Grégoire Coudert,fr FRA,GK,Brest,Ligue-1,26-047,1999,2,2,180,2,2.5,2.5,6.5,4.5,61.5,0.5,0,0.5,0,0,0,0,0,0,,0,0.5,0.5,1.4,0.22,-0.6,-0.6,3,10,30,3.5,28.3,31.4,4,37.5,36.5,15,0.5,3.3,1.5,1.5,18.5,27,34,79.4,688,466.5,4.5,4.5,100,16.5,16.5,100,6,13,46.2,0,0,0,0,0,0.5,0,0,0
77,Lucas Chevalier,fr FRA,GK,Lille,Ligue-1,23-195,2001,34,34,"3,060",34,1.06,1.06,3.71,2.68,74.6,0.5,0.26,0.24,0.32,32.4,0.12,0.12,0,0,0,0,0.18,0.03,1.24,0.32,0.21,0.21,3.29,8.47,38.9,4.24,25.7,29.6,3.29,34.8,35.7,11,0.62,5.6,0.71,0.71,13.9,25.4,31.9,79.6,622.7,433.5,6.15,6.15,100,12.9,13.1,98.2,6.24,12.4,50.2,0,0.03,0.01,-0.03,0.09,0.38,0,0,0.03
78,Patrik Carlgren,se SWE,GK,Nantes,Ligue-1,33-132,1992,5,4,417,4.6,1.52,1.51,6.09,4.57,75,0.22,0.43,0.22,0.22,25,0,0,0,0,,0,0.22,0,1.85,0.3,0.33,0.31,4.78,13.7,34.9,5.87,36.4,34.4,8.04,73,48.6,17.4,0.22,1.3,0.22,0.22,10.9,19.6,29.8,65.7,582.8,453,3.7,3.7,100,7.61,7.61,100,8.04,18,44.6,0,0,0,0,0,0.22,0,0,0
79,Marcin Bułka,pl POL,GK,Nice,Ligue-1,25-228,1999,34,34,"3,060",34,1.21,1.21,4.74,3.53,75.8,0.5,0.26,0.24,0.24,23.5,0.09,0.06,0.03,0,33.3,0,0.12,0.03,1.26,0.26,0.09,0.09,3.29,8,41.2,5.09,22.8,28.6,4.76,34.6,32.3,13.8,1.15,8.3,0.97,0.97,12.8,26.4,32.6,80.9,645.4,452.1,6.12,6.21,98.6,13.2,13.7,96.3,6.94,12.5,55.4,0,0.01,0,-0.01,0.03,0.35,0,0,0.06
80,Marco Bizot,nl NED,GK,Brest,Ligue-1,34-071,1991,32,32,"2,880",32,1.69,1.69,4,2.31,64.1,0.44,0.16,0.41,0.31,31.3,0.31,0.25,0.03,0.03,11.1,0.03,0.13,0.03,1.44,0.31,-0.21,-0.21,6.81,16.3,41.8,4.19,42,36,6.75,66.2,49.2,14.3,1.03,7.2,1.66,1.66,16.2,24.2,35,69.1,757,581.9,2.81,2.84,98.9,11.8,11.9,99.2,9.56,20.2,47.4,0,0,0,0,0,0.25,0,0,0.03
81,Dimitry Bertaud,cd COD,GK,Montpellier,Ligue-1,26-348,1998,4,4,360,4,2.75,2.75,5.25,2.5,57.1,0.25,0,0.75,0,0,0.5,0.5,0,0,0,0,0,0,2.2,0.35,-0.55,-0.55,5,11.8,42.6,4.75,38.4,34.5,6.75,51.9,43.6,14,2,14.3,0.75,0.75,13.3,20.5,28.5,71.9,597.3,456,2.75,2.75,100,10.3,10.3,100,7.5,15.3,49.2,0,0,0,0,0,0.75,0,0,0
82,Devis Vásquez,co COL,GK,Empoli,Serie-A,26,1998,32,32,"2,880",32,45,1.41,125,79,64.8,6,12,14,6,18.8,3,1,1,1,50,0,4,0,40.1,0.31,-4.9,-0.15,161,560,28.8,104,48.5,39,150,65.3,52,490,36,7.3,15,0.47,10.9,667,1105,60.4,19988,14901,89,89,100,329,339,97.1,249,674,36.9,0,0,0.1,0,0,29,1,0,0
83,Stefano Turati,it ITA,GK,Monza,Serie-A,22,2001,30,30,"2,676",29.7,52,1.75,145,93,65.5,2,7,21,2,6.7,4,2,2,0,50,1,8,2,47.4,0.31,-2.6,-0.09,177,442,40,126,38.3,33.7,131,61.8,46.9,414,22,5.3,26,0.87,13.3,764,1077,70.9,21304,16285,157,159,98.7,359,364,98.6,246,547,45,0,0,0,0,0,10,0,0,0
84,Pietro Terracciano,it ITA,GK,Fiorentina,Serie-A,34,1990,3,3,270,3,3,1,13,10,76.9,0,3,0,1,33.3,0,0,0,0,,0,0,0,3.1,0.24,0.1,0.03,8,25,32,14,28.2,28.8,11,27.3,26.5,20,1,5,3,1,17,70,89,78.7,1552,957,18,18,100,40,40,100,11,30,36.7,0,0,0,0,0,0,0,0,0
85,Mile Svilar,rs SRB,GK,Roma,Serie-A,24,1999,38,38,"3,420",38,35,0.92,151,117,79.5,20,9,9,16,42.1,4,4,0,0,0,0,4,1,42.5,0.26,8.5,0.22,124,413,30,170,23.8,30.6,200,56.5,45.5,495,30,6.1,33,0.87,13.7,1151,1459,78.9,29773,16951,195,195,100,648,650,99.7,307,612,50.2,0,0,0,0,0,15,0,0,2
86,Zion Suzuki,jp JPN,GK,Parma,Serie-A,21,2002,36,36,"3,240",36.8,53,1.47,150,99,68,7,15,15,7,19.4,5,5,0,0,0,3,5,2,51.5,0.32,0.5,0.01,204,669,30.5,184,41.4,37.5,223,63.7,52.4,614,64,10.4,38,1.03,12.1,1008,1496,67.4,29301,22027,170,172,98.8,511,519,98.5,322,798,40.4,0,0,0.1,0,0,47,1,0,0
87,Filip Stankovic,rs SRB,GK,Venezia,Serie-A,22,2002,16,16,"1,367",15.2,23,1.51,83,60,77.1,2,6,8,0,0,5,4,1,0,20,0,3,1,25.2,0.26,3.2,0.21,48,161,29.8,51,29.4,31.6,73,43.8,34.3,249,12,4.8,13,0.86,10.8,372,513,72.5,9405,6649,66,66,100,210,217,96.8,96,229,41.9,0,0,0,0,0,2,0,0,0
88,Marco Sportiello,it ITA,GK,Milan,Serie-A,32,1992,2,1,126,1.4,2,1.43,6,4,66.7,1,0,0,1,100,0,0,0,0,,0,0,0,2.2,0.36,0.2,0.12,5,13,38.5,8,21.7,27.8,14,21.4,30.6,15,1,6.7,3,2.14,25.5,51,61,83.6,1238,656,9,9,100,31,32,96.9,11,19,57.9,0,0,0,0,0,1,0,0,0
89,Yann Sommer,ch SUI,GK,Inter,Serie-A,35,1988,33,33,"2,970",33,32,0.97,116,84,75,20,8,5,13,39.4,4,3,1,0,25,0,3,1,31.7,0.24,0.7,0.02,91,226,40.3,136,16.9,26.6,126,18.3,27.5,356,14,3.9,14,0.42,13.2,1167,1332,87.6,27144,17019,242,242,100,673,678,99.3,250,403,62,0,0,0,0,0,7,0,0,1
90,Daniele Sommariva,it ITA,GK,Genoa,Serie-A,27,1997,1,0,28,0.3,1,3.21,3,2,66.7,0,0,0,0,,0,0,0,0,,0,0,0,0.9,0.3,-0.1,-0.36,1,10,10,0,66.7,42.3,6,66.7,47.5,19,0,0,0,0,3.3,5,15,33.3,144,107,1,1,100,3,3,100,1,11,9.1,0,0,0,0,0,1,0,0,0
91,Łukasz Skorupski,pl POL,GK,Bologna,Serie-A,33,1991,27,27,"2,364",26.3,33,1.26,82,50,61,11,12,4,8,29.6,2,1,1,0,50,0,1,2,28.7,0.34,-2.3,-0.09,123,329,37.4,113,27.9,31.6,95,51.6,44.7,215,18,8.4,23,0.88,13,862,1105,78,23078,14656,116,116,100,508,517,98.3,235,464,50.6,0,0,0,0,0,17,0,0,0
92,Marco Silvestri,it ITA,GK,Empoli,Serie-A,33,1991,5,5,450,5,11,2.2,27,17,59.3,0,1,4,0,0,0,0,0,0,,0,3,1,8,0.32,-2,-0.41,35,85,41.2,16,60.7,41.8,13,23.1,25.2,62,1,1.6,4,0.8,12.6,94,148,63.5,3026,2507,19,19,100,33,34,97.1,42,95,44.2,0,0,0,0,0,8,0,0,0
93,Benjamin Siegrist,ch SUI,GK,Genoa,Serie-A,32,1992,2,2,152,1.7,2,1.18,12,10,83.3,1,1,0,0,0,0,0,0,0,,0,0,0,2.4,0.2,0.4,0.23,6,30,20,9,33.3,35.9,19,63.2,46.7,26,1,3.8,1,0.59,6.2,48,73,65.8,1347,914,5,5,100,24,24,100,19,44,43.2,0,0,0,0,0,0,0,0,0
94,Alen Sherri,al ALB,GK,Cagliari,Serie-A,26,1997,7,7,621,6.9,11,1.59,31,20,64.5,1,2,4,1,14.3,0,0,0,0,,0,0,0,10.9,0.35,-0.1,-0.02,29,84,34.5,22,35.7,32.2,57,42.1,37,85,4,4.7,5,0.72,11.1,163,225,72.4,4097,2916,40,40,100,79,80,98.8,43,104,41.3,0,0,0,0,1,2,0,0,0
95,Jacopo Seghetti,it ITA,GK,Empoli,Serie-A,19,2005,1,1,90,1,3,3,6,3,50,0,0,1,0,0,0,0,0,0,,0,0,0,1.9,0.31,-1.1,-1.12,3,9,33.3,5,37.5,33.8,5,60,39,4,0,0,1,1,26,14,22,63.6,384,277,1,1,100,9,10,90,4,10,40,0,0,0,0,0,0,0,0,0
96,Simone Scuffet,it ITA,GK,Napoli,Serie-A,28,1996,1,1,90,1,1,1,4,3,75,0,1,0,0,0,0,0,0,0,,0,0,0,1.6,0.4,0.6,0.6,3,12,25,5,25.7,29.3,9,33.3,32.7,29,1,3.4,0,0,7,35,44,79.5,827,432,8,8,100,22,22,100,5,14,35.7,0,0,0,0,0,0,0,0,0
97,Simone Scuffet,it ITA,GK,Cagliari,Serie-A,28,1996,13,13,"1,170",13,23,1.77,56,33,67.9,3,3,7,1,7.7,5,5,0,0,0,0,6,0,20.4,0.28,-2.6,-0.2,71,181,39.2,50,42,35.5,99,53.5,42.3,189,6,3.2,7,0.54,11.8,286,407,70.3,8534,6695,48,49,98,125,126,99.2,113,229,49.3,0,0,0,0,0,5,0,0,0
98,Razvan Sava,ro ROU,GK,Udinese,Serie-A,22,2002,12,12,"1,080",12,16,1.33,51,37,74.5,5,4,3,4,33.3,3,3,0,0,0,1,4,2,14.5,0.24,0.5,0.04,44,148,29.7,26,33.2,32.2,55,65.5,47.5,202,4,2,13,1.08,14.8,277,395,70.1,7197,4630,63,63,100,151,153,98.7,61,173,35.3,0,0,0,0,0,6,0,0,0
99,Pepe Reina,es ESP,GK,Como,Serie-A,41,1982,12,12,"1,034",11.5,14,1.22,41,27,68.3,3,4,5,2,16.7,1,1,0,0,0,0,4,0,12.1,0.28,-1.9,-0.16,43,115,37.4,41,32.4,31.9,34,23.5,28.4,148,2,1.4,6,0.52,12.5,278,364,76.4,7042,5155,68,68,100,131,134,97.8,79,162,48.8,0,0,0,0,0,4,0,0,0
100,Federico Ravaglia,it ITA,GK,Bologna,Serie-A,24,1999,12,11,"1,056",11.7,14,1.19,24,10,45.8,5,2,4,4,36.4,1,1,0,0,0,0,2,0,11.7,0.46,-2.3,-0.2,48,138,34.8,45,27.5,30.8,47,44.7,40.4,97,11,11.3,9,0.77,12.9,371,473,78.4,9250,6098,67,67,100,210,212,99.1,92,192,47.9,0,0,0,0,1,14,0,0,0
101,Ionuț Radu,ro ROU,GK,Venezia,Serie-A,27,1997,15,15,"1,350",15,18,1.2,65,47,76.9,2,7,6,4,26.7,3,3,0,0,0,0,2,0,19,0.26,1,0.07,67,274,24.5,61,47.6,40.2,75,68,54.2,216,13,6,3,0.2,9.1,316,546,57.9,9223,7335,54,54,100,161,168,95.8,100,320,31.3,0,0,0,0,0,13,0,0,0
102,Ivan Provedel,it ITA,GK,Lazio,Serie-A,30,1994,29,29,"2,610",29,42,1.45,92,52,58.7,15,6,8,5,17.2,4,4,0,0,0,0,3,2,31.5,0.32,-8.5,-0.29,146,374,39,96,30.8,33.3,106,59.4,46.1,366,29,7.9,32,1.1,14.5,865,1118,77.4,24564,16820,121,121,100,428,432,99.1,315,560,56.3,0,0.3,0.1,-0.3,3,25,2,0,4
103,Semuel Pizzignacco,it ITA,GK,Monza,Serie-A,22,2001,9,8,736,8.2,17,2.08,38,22,55.3,1,2,5,1,12.5,0,0,0,0,,1,2,1,12.4,0.33,-3.6,-0.44,39,113,34.5,30,33.7,31.4,49,42.9,38.4,119,4,3.4,7,0.86,12.8,239,322,74.2,5851,4075,63,63,100,114,115,99.1,59,141,41.8,0,0,0,0,0,3,0,0,0
104,Mattia Perin,it ITA,GK,Juventus,Serie-A,31,1992,5,5,450,5,3,0.6,16,13,81.3,2,3,0,3,60,0,0,0,0,,0,0,0,3.7,0.23,0.7,0.14,11,44,25,30,22.4,29.4,12,50,40.8,50,3,6,3,0.6,14,145,182,79.7,3391,1965,30,30,100,92,92,100,23,60,38.3,0,0,0,0,0,2,0,0,0
105,Simone Perilli,it ITA,GK,Hellas Verona,Serie-A,29,1995,2,2,180,2,2,1,11,9,81.8,1,0,1,0,0,0,0,0,0,,0,0,0,2.9,0.28,0.9,0.46,7,41,17.1,2,82.4,55.4,14,92.9,63.9,46,2,4.3,3,1.5,20.3,13,49,26.5,619,570,0,0,,3,4,75,10,44,22.7,0,0,0,0,0,1,0,0,0
106,Rui Patrício,pt POR,GK,Atalanta,Serie-A,36,1988,3,3,270,3,3,1,14,11,78.6,2,1,0,1,33.3,0,0,0,0,,0,0,0,4.2,0.34,1.2,0.41,8,19,42.1,12,18.1,27.6,18,22.2,32.1,29,0,0,10,3.33,23.1,85,101,84.2,2071,1243,17,17,100,52,52,100,16,32,50,0,0,0,0,0,0,0,0,0
107,Alberto Paleari,it ITA,GK,Torino,Serie-A,31,1992,1,1,90,1,3,3,7,4,57.1,0,0,1,0,0,0,0,0,0,,0,0,0,2.2,0.32,-0.8,-0.77,8,12,66.7,5,34.6,31,6,50,42,12,0,0,5,5,27.3,28,32,87.5,826,650,10,10,100,6,6,100,12,16,75,0,0,0,0,0,0,0,0,0
108,Daniele Padelli,it ITA,GK,Udinese,Serie-A,38,1985,1,1,90,1,0,0,3,3,100,1,0,0,1,100,0,0,0,0,,0,0,0,0.8,0.26,0.8,0.77,3,7,42.9,2,33.3,30.5,2,50,32,11,1,9.1,0,0,15,15,20,75,344,255,4,4,100,8,8,100,3,8,37.5,0,0,0,0,0,0,0,0,0
109,Maduka Okoye,ng NGA,GK,Udinese,Serie-A,24,1999,25,25,"2,250",25,40,1.6,110,73,67.3,6,4,15,4,16,5,4,0,1,0,2,4,3,37.3,0.32,0.3,0.01,120,292,41.1,80,29.9,30.2,99,60.6,47.3,315,14,4.4,23,0.92,14.1,681,878,77.6,17288,12683,175,176,99.4,324,326,99.4,175,364,48.1,0,0,0.1,0,0,18,0,0,1
110,Juan Musso,ar ARG,GK,Atalanta,Serie-A,30,1994,1,1,90,1,0,0,4,4,100,1,0,0,1,100,0,0,0,0,,0,0,0,0.7,0.19,0.7,0.74,4,20,20,4,36.8,33.1,14,92.9,56.9,15,0,0,1,1,17.5,17,33,51.5,486,331,2,2,100,9,9,100,6,22,27.3,0,0,0,0,0,0,0,0,0
111,Lorenzo Montipò,it ITA,GK,Hellas Verona,Serie-A,28,1996,36,36,"3,240",36,64,1.78,161,97,61.5,9,7,20,8,22.2,4,2,1,1,33.3,0,6,1,50.8,0.31,-12.2,-0.34,210,720,29.2,91,59.9,43.6,298,88.9,59.3,498,30,6,23,0.64,11.6,520,1068,48.7,18974,16089,69,69,100,188,191,98.4,262,796,32.9,0,0,0.1,0,0,37,0,0,1
112,Vanja Milinković-Savić,rs SRB,GK,Torino,Serie-A,27,1997,37,37,"3,330",37,42,1.14,173,129,77.5,10,14,13,10,27,7,3,4,0,57.1,1,7,2,51.5,0.27,11.5,0.31,223,702,31.8,191,40,37.6,271,59.4,51.1,585,37,6.3,46,1.24,13.7,1107,1628,68,33277,23339,160,163,98.2,557,566,98.4,388,888,43.7,0,0.1,0.3,-0.1,3,61,6,0,0
113,Alex Meret,it ITA,GK,Napoli,Serie-A,27,1997,34,34,"3,005",33.4,25,0.75,84,59,71.4,21,9,4,16,47.1,4,1,2,1,66.7,1,0,2,25.3,0.27,2.3,0.07,88,214,41.1,117,15.4,27.7,181,29.8,34.9,378,21,5.6,47,1.41,16.5,1050,1223,85.9,26863,16237,139,139,100,649,659,98.5,262,424,61.8,0,0,0,0,0,5,0,0,1
114,Andrea Mazza,it ITA,GK,Monza,Serie-A,20,2004,1,0,8,0.1,0,0,0,0,,0,0,0,0,,0,0,0,0,,0,0,0,0,,0,0,1,2,50,1,20,24,2,50,40,1,0,0,0,0,,6,7,85.7,134,94,4,4,100,1,1,100,1,2,50,0,0,0,0,0,0,0,0,0
115,Josep Martinez,es ESP,GK,Inter,Serie-A,26,1998,5,5,450,5,3,0.6,14,11,78.6,4,1,0,3,60,0,0,0,0,,0,0,0,4.1,0.31,1.1,0.23,23,51,45.1,15,20.4,28.6,25,28,32.1,81,3,3.7,3,0.6,15.8,206,241,85.5,5110,3113,35,35,100,124,126,98.4,47,80,58.8,0,0.1,0,-0.1,1,0,0,0,0
116,Christos Mandas,gr GRE,GK,Lazio,Serie-A,22,2001,9,9,810,9,7,0.78,27,20,74.1,3,5,1,4,44.4,0,0,0,0,,0,1,0,7.9,0.29,0.9,0.1,42,124,33.9,36,36.4,35.9,25,48,41.8,130,20,15.4,22,2.44,16.8,240,335,71.6,6911,4716,39,40,97.5,101,103,98.1,98,187,52.4,0,0,0,0,0,11,1,0,3
117,Mike Maignan,fr FRA,GK,Milan,Serie-A,29,1995,37,37,"3,294",36.6,41,1.12,136,97,70.6,17,9,11,12,32.4,2,1,1,0,50,1,3,3,36.8,0.26,-1.2,-0.03,118,306,38.6,174,17.4,27.8,194,36.1,38.6,447,26,5.8,68,1.86,18.7,1338,1553,86.2,33388,21322,220,224,98.2,785,789,99.5,329,532,61.8,0,0.8,0.2,-0.8,5,19,0,0,4
118,Nicola Leali,it ITA,GK,Genoa,Serie-A,31,1993,29,29,"2,610",29,31,1.07,111,82,74.8,8,10,11,10,34.5,4,3,1,0,25,0,4,3,34.3,0.29,6.3,0.22,150,391,38.4,112,39.3,33.9,214,50,41.1,390,21,5.4,14,0.48,11.2,667,938,71.1,18776,13282,123,124,99.2,329,332,99.1,215,479,44.9,0,0,0,0,0,10,0,0,0
119,Jesse Joronen,fi FIN,GK,Venezia,Serie-A,31,1993,8,7,703,7.8,15,1.92,40,27,70,1,1,5,2,28.6,3,3,0,0,0,0,3,2,12.6,0.26,-0.4,-0.05,20,84,23.8,46,28.1,31,41,26.8,34.9,125,6,4.8,5,0.64,9.4,223,302,73.8,5362,3464,37,37,100,138,143,96.5,47,118,39.8,0,0,0,0,0,1,0,0,0
120,Pierluigi Gollini,it ITA,GK,Genoa,Serie-A,29,1995,7,7,630,7,15,2.14,32,16,62.5,1,2,4,1,14.3,4,3,1,0,25,0,1,0,12.2,0.29,-2.8,-0.39,33,75,44,21,24.7,30.4,52,50,44.4,92,2,2.2,2,0.29,9.6,206,250,82.4,5777,4236,34,34,100,108,108,100,64,108,59.3,0,0,0,0,0,3,0,0,0
121,David de Gea,es ESP,GK,Fiorentina,Serie-A,33,1990,35,35,"3,150",35,38,1.09,135,96,72.6,19,5,11,11,31.4,3,1,2,0,66.7,0,3,1,36.9,0.26,-0.1,0,218,490,44.5,129,40.1,35.8,241,56,45.1,478,13,2.7,28,0.8,14.5,832,1136,73.2,25780,19540,111,111,100,363,369,98.4,357,646,55.3,1,0.4,0,0.6,3,22,0,0,0
122,Wladimiro Falcone,it ITA,GK,Lecce,Serie-A,29,1995,38,38,"3,420",38,58,1.53,181,125,72.4,8,10,20,9,23.7,10,8,1,1,11.1,3,5,3,53.7,0.26,-1.3,-0.03,219,656,33.4,120,51.9,39.1,178,71.9,50.2,590,29,4.9,19,0.5,11,730,1200,60.8,22591,17660,112,114,98.2,334,340,98.2,280,736,38,0,0,0.1,0,0,22,0,0,0
123,Michele Di Gregorio,it ITA,GK,Juventus,Serie-A,27,1997,33,33,"2,970",33,32,0.97,103,71,73.8,16,13,4,14,42.4,5,5,0,0,0,0,6,0,28.1,0.24,-3.9,-0.12,128,333,38.4,126,30,31.4,146,54.1,44,468,29,6.2,30,0.91,13.1,761,994,76.6,20101,14110,168,169,99.4,374,379,98.7,215,441,48.8,0,0.5,0,-0.5,1,25,0,0,0
124,Giuseppe Ciocci,it ITA,GK,Cagliari,Serie-A,22,2002,1,0,9,0.1,0,0,0,0,,0,0,0,0,,0,0,0,0,,0,0,0,0,,0,0,0,0,,0,0,6,0,,,0,0,,1,10,21,1,1,100,6,6,1,1,100,0,0,,0,0,,0,0,0,0,0,0,0,0,0
125,Leandro Chichizola,ar ARG,GK,Parma,Serie-A,34,1990,1,1,90,1,3,3,6,3,50,0,0,1,0,0,0,0,0,0,,0,0,0,2.5,0.43,-0.5,-0.54,3,16,18.8,5,31.7,33.9,8,37.5,34.4,21,2,9.5,2,2,16.3,36,50,72,854,507,6,6,100,23,23,100,7,20,35,0,0,0,0,0,1,0,0,1
126,Marco Carnesecchi,it ITA,GK,Atalanta,Serie-A,24,2000,34,34,"3,060",34,34,1,129,97,75.2,19,7,8,13,38.2,2,2,0,0,0,0,4,2,36.4,0.29,4.4,0.13,121,374,32.4,177,28.2,32.3,201,62.7,48.2,319,21,6.6,45,1.32,14.5,811,1082,75,22450,14922,106,107,99.1,466,468,99.6,238,503,47.3,0,0.2,0,-0.2,1,9,0,0,0
127,Elia Caprile,it ITA,GK,Napoli,Serie-A,22,2001,4,3,325,3.6,1,0.28,8,7,87.5,3,0,0,3,100,0,0,0,0,,0,0,0,2.2,0.27,1.2,0.32,11,25,44,9,25.6,31.7,15,26.7,30.7,31,3,9.7,3,0.83,13.7,81,98,82.7,2186,1425,12,12,100,45,45,100,24,40,60,0,0,0,0,0,2,0,0,0
128,Elia Caprile,it ITA,GK,Cagliari,Serie-A,22,2001,18,18,"1,620",18,22,1.22,66,44,68.2,5,4,9,5,27.8,1,1,0,0,0,0,4,0,23.5,0.35,1.5,0.08,132,332,39.8,93,44.1,36.8,159,57.2,45.2,266,18,6.8,23,1.28,15.6,482,706,68.3,15126,11822,50,51,98,237,242,97.9,193,410,47.1,0,0,0,0,0,6,0,0,0
129,Jean Butez,fr FRA,GK,Como,Serie-A,29,1995,19,18,"1,666",18.5,20,1.08,68,48,73.5,8,4,6,5,27.8,2,2,0,0,0,0,1,0,20.1,0.27,0.1,0,90,235,38.3,92,30.2,32,43,48.8,42.7,190,22,11.6,51,2.76,18.2,588,752,78.2,15581,11219,114,115,99.1,304,307,99,169,327,51.7,0,0,0,0,1,20,1,0,1
130,Emil Audero,id IDN,GK,Como,Serie-A,27,1997,8,8,720,8,18,2.25,34,16,58.8,2,2,4,0,0,4,4,0,0,0,0,2,0,12.4,0.27,-5.6,-0.7,17,55,30.9,30,22,28.6,21,19,27.5,95,5,5.3,8,1,12.9,209,253,82.6,4830,3117,51,51,100,118,120,98.3,40,82,48.8,0,0,0,0,0,1,0,0,0
131,Michael Zetterer,de GER,GK,Werder Bremen,G. Bundesliga,29-317,1995,34,34,"3,060",34,57,1.68,156,102,65.4,14,9,11,10,29.4,3,3,0,0,0,2,4,3,52.9,0.33,-1.1,-0.03,134,370,36.2,188,27.7,31.9,107,33.6,36.8,464,35,7.5,34,1,13.5,1028,1315,78.2,27181,17850,164,165,99.4,538,546,98.5,322,593,54.3,0,0,0.1,0,0,21,1,0,3
132,Robin Zentner,de GER,GK,Mainz 05,G. Bundesliga,30-209,1994,32,32,"2,880",32,41,1.28,142,100,73.9,13,9,10,9,28.1,5,4,1,0,20,2,9,0,45,0.29,4,0.12,175,567,30.9,132,46.2,38.7,179,64.8,52.1,524,45,8.6,58,1.81,14,732,1164,62.9,22094,16663,140,140,100,322,325,99.1,267,686,38.9,0,0.3,0.2,-0.3,3,52,4,0,2
133,Timon Weiner,de GER,GK,Holstein Kiel,G. Bundesliga,26-127,1999,25,25,"2,250",25,61,2.44,140,81,59.3,4,5,16,2,8,4,4,0,0,0,2,5,2,47.2,0.32,-11.8,-0.47,167,444,37.6,116,40.2,34.5,198,64.1,48.4,491,27,5.5,18,0.72,11.1,682,991,68.8,19635,14240,143,143,100,302,306,98.7,237,536,44.2,0,0,0,0,0,13,0,0,0
134,Nikola Vasilj,ba BIH,GK,St. Pauli,G. Bundesliga,29-174,1995,33,33,"2,969",33,39,1.18,135,93,71.9,8,7,18,9,27.3,5,1,4,0,80,0,5,1,47.4,0.32,9.4,0.29,164,493,33.3,107,34.2,32.7,134,44.8,38,411,24,5.8,27,0.82,12.8,1033,1404,73.6,26791,18507,195,196,99.5,557,563,98.9,273,634,43.1,0,0,0.2,0,1,40,2,0,0
135,Maarten Vandevoordt,be BEL,GK,RB Leipzig,G. Bundesliga,23-088,2002,6,4,429,4.8,9,1.89,21,12,57.1,1,1,2,0,0,0,0,0,0,,0,4,0,7.3,0.36,-1.7,-0.35,19,52,36.5,27,23,29.4,35,57.1,46,78,7,9,11,2.31,16.1,138,175,78.9,3557,2188,27,27,100,75,75,100,35,71,49.3,0,0,0,0,0,3,0,0,4
136,Jonas Urbig,de GER,GK,Bayern Munich,G. Bundesliga,21-290,2003,8,8,720,8,12,1.5,28,16,57.1,4,3,1,2,25,0,0,0,0,,0,2,0,10.3,0.38,-1.7,-0.21,30,79,38,33,26.2,30.9,23,43.5,43.1,81,5,6.2,21,2.63,17.4,232,286,81.1,6043,4239,46,46,100,121,123,98.4,65,116,56,0,0,0.1,0,0,8,1,0,3
137,Sven Ulreich,de GER,GK,Bayern Munich,G. Bundesliga,36-295,1988,1,1,90,1,0,0,0,0,,1,0,0,1,100,0,0,0,0,,0,0,0,0,,0,0,3,8,37.5,4,27.6,28.2,1,0,9,7,1,14.3,1,1,12.3,25,30,83.3,551,414,10,10,100,10,10,100,5,10,50,0,0,0,0,0,1,0,0,0
138,Kevin Trapp,de GER,GK,Eint Frankfurt,G. Bundesliga,34-321,1990,26,26,"2,295",25.5,34,1.33,117,82,70.9,12,8,6,6,23.1,2,0,2,0,100,0,6,1,34.9,0.3,1.9,0.08,89,312,28.5,123,31.7,29.9,130,41.5,36.9,394,24,6.1,28,1.1,13.6,693,947,73.2,15726,11103,217,217,100,324,331,97.9,148,389,38,0,0,0,0,0,7,0,0,1
139,Tobias Sippel,de GER,GK,Gladbach,G. Bundesliga,37-064,1988,1,0,59,0.7,3,4.58,4,1,25,0,0,0,0,,0,0,0,0,,0,1,0,1.2,0.3,-1.8,-2.72,9,22,40.9,2,45.5,39.2,12,100,69.2,13,0,0,0,0,2,20,34,58.8,827,694,1,1,100,8,8,100,11,25,44,0,0,0,0,0,0,0,0,0
140,Alexander Schwolow,de GER,GK,Union Berlin,G. Bundesliga,32-357,1992,6,6,540,6,13,2.17,28,15,57.1,2,0,4,0,0,1,1,0,0,0,0,0,0,9.7,0.32,-3.3,-0.55,28,73,38.4,26,31.3,31,40,52.5,42.6,85,0,0,4,0.67,14.2,148,207,71.5,3850,2771,41,41,100,70,71,98.6,37,93,39.8,0,0,0.1,0,0,2,2,0,0
141,Kauã Santos,br BRA,GK,Eint Frankfurt,G. Bundesliga,22-044,2003,9,8,765,8.5,12,1.41,46,35,76.1,5,1,2,3,37.5,1,1,0,0,0,0,4,1,14.3,0.3,3.3,0.39,40,116,34.5,34,37.1,33.2,44,54.5,42.9,137,16,11.7,18,2.12,14,205,295,69.5,5287,4026,54,55,98.2,89,90,98.9,60,144,41.7,0,0,0,0,1,4,0,0,1
142,Frederik Rønnow,dk DEN,GK,Union Berlin,G. Bundesliga,32-294,1992,28,28,"2,520",28,37,1.32,111,71,67.6,8,11,9,8,28.6,5,1,4,0,80,1,1,1,39.3,0.32,3.3,0.12,143,395,36.2,135,36.6,34.3,161,78.3,54.3,483,40,8.3,35,1.25,13.4,619,902,68.6,18300,13570,103,104,99,302,306,98.7,212,483,43.9,0,0,0.1,0,0,24,3,0,1
143,Lasse Rieß,de GER,GK,Mainz 05,G. Bundesliga,23-302,2001,2,2,180,2,2,1,8,6,75,1,1,0,0,0,0,0,0,0,,0,0,0,2.2,0.27,0.2,0.09,13,43,30.2,7,51.4,41.6,12,50,45.6,23,2,8.7,8,4,18,53,84,63.1,1674,1331,9,9,100,24,24,100,20,51,39.2,0,0,0,0,0,7,0,0,0
144,Luca Philipp,de GER,GK,Hoffenheim,G. Bundesliga,24-178,2000,6,6,540,6,15,2.5,35,21,60,1,3,2,0,0,1,1,0,0,0,0,2,1,12.3,0.34,-1.7,-0.28,30,97,30.9,22,51,38.7,36,47.2,40.6,84,3,3.6,4,0.67,12.8,123,194,63.4,3580,2790,23,23,100,50,51,98,49,118,41.5,0,0,0,0,0,4,0,0,0
145,Daniel Peretz,il ISR,GK,Bayern Munich,G. Bundesliga,24-319,2000,3,3,270,3,5,1.67,7,2,28.6,2,0,1,0,0,0,0,0,0,,0,0,0,4,0.58,-1,-0.32,5,25,20,5,25,29.5,7,14.3,29.6,17,0,0,8,2.67,21.2,79,103,76.7,1811,1173,14,14,100,49,49,100,16,40,40,0,0,0,0,0,0,0,0,1
146,Jonas Omlin,ch SUI,GK,Gladbach,G. Bundesliga,31-135,1994,12,11,978,10.9,26,2.39,72,45,66.7,2,1,8,1,9.1,3,2,1,0,33.3,1,6,0,23.8,0.31,-2.2,-0.2,68,190,35.8,46,34.9,32.7,57,56.1,44.2,166,3,1.8,13,1.2,15.1,375,513,73.1,10253,6569,46,47,97.9,209,209,100,119,253,47,0,0,0,0,0,1,0,0,0
147,Alexander Nübel,de GER,GK,Stuttgart,G. Bundesliga,28-237,1996,34,34,"3,060",34,53,1.56,136,83,62.5,14,8,12,7,20.6,3,2,1,0,33.3,1,7,1,44.8,0.32,-7.2,-0.21,157,410,38.3,137,30.1,30.7,122,44.3,39.5,415,21,5.1,57,1.68,17.6,1009,1311,77,25508,19120,258,261,98.9,475,484,98.1,273,555,49.2,1,0.3,0.2,0.7,3,15,1,0,0
148,Moritz Nicolas,de GER,GK,Gladbach,G. Bundesliga,27-216,1997,19,19,"1,639",18.2,25,1.37,92,69,78.3,9,4,6,4,21.1,5,5,0,0,0,0,1,2,29.9,0.29,6.9,0.38,95,199,47.7,88,23.3,28.2,60,46.7,39.8,319,18,5.6,14,0.77,12,669,794,84.3,16861,11154,135,135,100,365,371,98.4,169,287,58.9,0,0,0,0,0,4,0,0,0
149,Manuel Neuer,de GER,GK,Bayern Munich,G. Bundesliga,39-059,1986,22,22,"1,980",22,15,0.68,45,30,68.9,18,4,0,13,59.1,2,1,0,1,0,0,2,0,15,0.33,0,0,92,194,47.4,81,20,27.7,56,37.5,37.3,162,6,3.7,40,1.82,19.6,795,924,86,19865,13049,156,156,100,411,419,98.1,222,341,65.1,0,0.5,0.1,-0.5,1,22,0,0,10
150,Marius Müller,de GER,GK,Wolfsburg,G. Bundesliga,31-317,1993,6,5,475,5.3,5,0.95,23,18,78.3,2,3,0,1,20,0,0,0,0,,0,2,0,7.6,0.33,2.6,0.49,37,97,38.1,29,39.1,36.6,34,73.5,51.4,99,9,9.1,3,0.57,11.7,154,218,70.6,4852,3396,19,19,100,65,65,100,70,134,52.2,0,0,0,0,0,7,0,0,0
151,Kevin Müller,de GER,GK,Heidenheim,G. Bundesliga,34-071,1991,33,33,"2,939",32.7,64,1.96,169,105,65.7,7,5,21,7,21.2,6,6,0,0,0,0,7,0,59.3,0.33,-4.7,-0.14,152,428,35.5,153,31.4,33.8,271,38.4,38.3,453,21,4.6,20,0.61,12,987,1306,75.6,27796,17938,107,108,99.1,578,586,98.6,300,606,49.5,0,0,0.1,0,0,16,1,0,1
152,Florian Müller,de GER,GK,Freiburg,G. Bundesliga,27-193,1997,9,8,753,8.4,16,1.91,30,15,53.3,4,1,3,1,12.5,2,2,0,0,0,0,3,1,11.6,0.35,-3.4,-0.41,54,166,32.5,28,44.9,37.1,57,80.7,57.7,104,6,5.8,9,1.08,13.4,206,326,63.2,6261,5083,29,29,100,108,110,98.2,69,185,37.3,0,0,0,0,0,10,0,0,0
153,Alexander Meyer,de GER,GK,Dortmund,G. Bundesliga,34-042,1991,2,2,180,2,4,2,11,7,63.6,1,0,1,0,0,0,0,0,0,,0,0,0,4,0.36,0,0,8,33,24.2,3,35.5,34.8,7,85.7,63.6,24,1,4.2,2,1,14.8,54,83,65.1,1541,1064,7,7,100,28,29,96.6,19,47,40.4,0,0.1,0,-0.1,1,2,0,0,0
154,Nediljko Labrović,hr CRO,GK,Augsburg,G. Bundesliga,25-227,1999,15,15,"1,350",15,32,2.13,74,42,60.8,4,4,7,2,13.3,3,3,0,0,0,1,2,0,25.9,0.32,-6.1,-0.4,83,220,37.7,72,38.8,35.2,105,62.9,47.4,217,12,5.5,18,1.2,13.3,354,504,70.2,10392,7820,57,57,100,177,181,97.8,119,262,45.4,0,0,0.1,0,0,10,1,0,0
155,Matej Kovar,cz CZE,GK,Leverkusen,G. Bundesliga,25-008,2000,5,5,450,5,5,1,16,12,68.8,3,1,1,3,60,0,0,0,0,,0,0,1,3.5,0.22,-0.5,-0.09,12,32,37.5,16,21.4,27.9,15,26.7,27.7,52,2,3.8,6,1.2,16.9,123,147,83.7,2919,1733,31,31,100,63,63,100,29,52,55.8,0,0,0,0,0,2,0,0,0
156,Gregor Kobel,ch SUI,GK,Dortmund,G. Bundesliga,27-170,1997,32,32,"2,880",32,47,1.47,129,82,66.7,16,6,10,7,21.9,4,4,0,0,0,0,5,1,47.4,0.35,1.4,0.04,112,336,33.3,126,23.7,28.6,121,58.7,45.3,420,22,5.2,47,1.47,15.7,993,1241,80,24180,16099,240,242,99.2,525,528,99.4,226,465,48.6,0,0,0,0,1,5,0,0,1
157,Lukáš Hrádecký,fi FIN,GK,Leverkusen,G. Bundesliga,35-182,1989,29,29,"2,610",29,38,1.31,118,83,71.2,16,11,2,6,20.7,4,4,0,0,0,1,2,3,35.8,0.28,0.8,0.03,123,306,40.2,110,30.9,31.5,135,49.6,40.8,296,12,4.1,39,1.34,17.3,687,912,75.3,18432,14162,145,145,100,307,314,97.8,230,444,51.8,0,0,0,0,0,5,0,0,0
158,Timo Horn,de GER,GK,Bochum,G. Bundesliga,32-013,1993,13,13,"1,170",13,22,1.69,54,32,59.3,3,3,7,3,23.1,1,0,0,1,,1,3,0,18.5,0.35,-3.5,-0.27,129,332,38.9,29,60.8,43.6,98,90.8,61.8,182,6,3.3,18,1.38,14.8,284,499,56.9,11052,9708,22,22,100,96,97,99,166,379,43.8,0,0,0.1,0,1,24,1,0,1
159,Péter Gulácsi,hu HUN,GK,RB Leipzig,G. Bundesliga,35-019,1990,30,30,"2,631",29.2,39,1.33,137,97,73,12,11,7,14,46.7,3,2,1,0,33.3,1,4,0,42.6,0.3,3.6,0.12,79,209,37.8,140,20.3,28.6,196,33.7,34.3,434,23,5.3,34,1.16,14.8,742,904,82.1,18391,11161,154,154,100,393,401,98,195,346,56.4,0,0,0,0,0,4,0,0,0
160,Kamil Grabara,pl POL,GK,Wolfsburg,G. Bundesliga,26-137,1999,29,29,"2,585",28.7,49,1.71,137,88,65.7,9,7,13,5,17.2,3,2,1,0,33.3,0,9,1,49.7,0.35,1.7,0.06,186,511,36.4,114,41.7,36.7,154,66.9,51.9,413,15,3.6,19,0.66,12.2,791,1139,69.4,23935,16376,117,117,100,380,383,99.2,293,632,46.4,0,0,0.1,0,2,40,3,0,2
161,Frank Feller,de GER,GK,Heidenheim,G. Bundesliga,21-138,2004,2,1,121,1.3,0,0,2,2,100,1,0,0,2,200,0,0,0,0,,0,0,0,0.3,0.16,0.3,0.24,10,34,29.4,7,42.6,38,11,100,68.4,25,1,4,1,0.74,14.8,41,65,63.1,1338,982,5,5,100,19,19,100,17,41,41.5,0,0,0,0,0,0,0,0,0
162,Patrick Drewes,de GER,GK,Bochum,G. Bundesliga,32-110,1993,21,21,"1,890",21,46,2.19,99,51,56.6,2,5,14,2,9.5,5,3,2,0,40,2,4,0,42.3,0.38,-3.7,-0.18,218,484,45,65,50.1,37.6,177,80.8,52.6,285,12,4.2,33,1.57,15.8,565,860,65.7,19116,15776,69,69,100,229,234,97.9,267,553,48.3,0,0,0,0,0,7,0,0,0
163,Thomas Dähne,de GER,GK,Holstein Kiel,G. Bundesliga,31-141,1994,9,9,810,9,19,2.11,55,36,69.1,2,2,5,0,0,3,2,1,0,33.3,1,1,1,18.5,0.3,0.5,0.06,47,133,35.3,55,25.7,30.3,91,60.4,45.6,177,15,8.5,5,0.56,9.3,304,395,77,7965,5004,53,53,100,169,170,99.4,81,171,47.4,0,0,0,0,0,1,0,0,0
164,Finn Dahmen,de GER,GK,Augsburg,G. Bundesliga,27-059,1998,19,19,"1,710",19,19,1,82,65,79.3,7,6,6,9,47.4,2,2,0,0,0,0,3,2,24.2,0.29,7.2,0.38,129,341,37.8,51,38.6,34.9,145,71.7,53.2,337,9,2.7,26,1.37,14.7,528,761,69.4,15853,11241,91,92,98.9,232,234,99.1,204,432,47.2,0,0,0.1,0,0,11,0,0,3
165,Tiago Cardoso,lu LUX,GK,Gladbach,G. Bundesliga,19-048,2006,5,4,380,4.2,3,0.71,23,20,87,2,1,1,2,50,0,0,0,0,,0,0,0,4.7,0.2,1.7,0.39,23,62,37.1,22,27,29.2,31,71,48.9,96,14,14.6,1,0.24,5.6,134,179,74.9,3359,2226,34,34,100,67,68,98.5,33,77,42.9,0,0,0,0,0,0,0,0,0
166,Oliver Baumann,de GER,GK,Hoffenheim,G. Bundesliga,34-357,1990,28,28,"2,520",28,53,1.89,138,84,63,6,8,14,4,14.3,5,2,3,0,60,1,7,2,52.1,0.36,1.1,0.04,178,478,37.2,121,41.6,36.5,136,69.1,50.8,407,18,4.4,31,1.11,14.5,734,1062,69.1,21741,16685,124,125,99.2,362,364,99.5,244,566,43.1,0,1,0.7,-1,3,39,4,0,1
167,Noah Atubolu,de GER,GK,Freiburg,G. Bundesliga,23-000,2002,26,26,"2,307",25.6,37,1.44,120,81,69.2,12,6,8,10,38.5,2,0,2,0,100,1,3,0,37,0.3,0,0,159,414,38.4,110,32.4,33.1,126,68.3,51.5,377,34,9,28,1.09,12.7,849,1140,74.5,23928,17335,135,136,99.3,451,458,98.5,262,542,48.3,0,0,0.1,0,0,27,1,0,2
168,Ben Alexander Voll,de GER,GK,St. Pauli,G. Bundesliga,24-167,2000,2,1,91,1,2,1.98,5,3,60,0,1,0,0,0,0,0,0,0,,0,0,0,2.4,0.48,0.4,0.41,7,28,25,5,59.5,44.7,13,46.2,39.7,15,0,0,0,0,,28,50,56,749,588,8,8,100,13,14,92.9,7,28,25,0,0.1,0,-0.1,1,0,0,0,0
169,Danny Ward,wls WAL,GK,Leicester City,EPL,31,1993,2,1,135,1.5,6,4,10,4,40,0,0,1,0,0,0,0,0,0,,0,0,0,2.8,0.28,-3.2,-2.11,10,22,45.5,9,37,32,7,71.4,52,11,0,0,2,1.33,20.7,41,53,77.4,1162,949,6,6,100,20,20,100,15,27,55.6,0,0,0,0,0,2,0,0,0
170,Christian Walton,eng ENG,GK,Ipswich Town,EPL,28,1995,7,7,630,7,19,2.71,39,20,56.4,1,1,5,1,14.3,2,2,0,0,0,0,0,0,16.8,0.39,-2.2,-0.31,42,116,36.2,35,42.6,34.3,51,56.9,44.5,112,12,10.7,2,0.29,8.1,177,255,69.4,4780,3406,49,49,100,80,82,97.6,48,124,38.7,0,0,0,0,1,3,0,0,0
171,Guglielmo Vicario,it ITA,GK,Tottenham,EPL,27,1996,24,24,"2,160",24,37,1.54,102,67,64.7,9,3,12,4,16.7,1,1,0,0,0,0,6,2,37.4,0.36,2.4,0.1,28,95,29.5,120,10.5,22.8,64,15.6,23,313,29,9.3,31,1.29,13.4,761,872,87.3,15069,8788,236,238,99.2,430,444,96.8,88,181,48.6,0,0,0,0,0,2,0,0,1
172,Bart Verbruggen,nl NED,GK,Brighton,EPL,21,2002,36,36,"3,240",36,58,1.61,143,87,65.7,14,13,9,7,19.4,9,9,0,0,0,1,4,2,51,0.31,-5,-0.14,123,386,31.9,122,26.9,29.7,83,67.5,48.5,413,27,6.5,47,1.31,13.9,1012,1315,77,24052,16244,287,289,99.3,475,483,98.3,244,529,46.1,1,0,0,1,1,20,1,0,2
173,Mark Travers,ie IRL,GK,Bournemouth,EPL,25,1999,5,5,450,5,5,1,25,20,80,2,2,1,1,20,0,0,0,0,,1,1,0,9.5,0.38,4.5,0.89,33,73,45.2,29,41.7,36.3,39,76.9,55.8,63,1,1.6,5,1,12.9,100,142,70.4,3469,2692,6,6,100,51,53,96.2,43,83,51.8,0,0,0,0,0,3,0,0,0
174,Jakub Stolarczyk,pl POL,GK,Leicester City,EPL,23,2000,10,10,900,10,16,1.6,44,28,63.6,3,1,6,2,20,0,0,0,0,,0,2,0,15.7,0.36,-0.3,-0.03,58,196,29.6,36,46.5,34.3,59,74.6,50.6,169,10,5.9,8,0.8,12.5,238,386,61.7,6271,4605,69,69,100,90,93,96.8,78,222,35.1,0,0,0,0,0,2,0,0,1
175,Jason Steele,eng ENG,GK,Brighton,EPL,33,1990,2,2,180,2,1,0.5,4,3,75,2,0,0,1,50,0,0,0,0,,0,0,0,0.5,0.12,-0.5,-0.26,7,16,43.8,7,13.6,25.1,2,50,43,22,2,9.1,3,1.5,15.4,101,112,90.2,2321,1556,21,21,100,63,65,96.9,17,26,65.4,0,0,0,0,0,0,0,0,0
176,Matz Sels,be BEL,GK,Nott'ham Forest,EPL,32,1992,38,38,"3,420",38,46,1.21,165,119,73.9,19,8,11,13,34.2,3,3,0,0,0,1,5,0,49,0.29,3,0.08,244,697,35,83,68.3,44.7,270,77.4,54.3,711,19,2.7,12,0.32,8.7,519,997,52.1,19315,16456,78,78,100,168,171,98.2,272,734,37.1,0,0.4,0.3,-0.4,2,45,4,0,2
177,Robert Sánchez,es ESP,GK,Chelsea,EPL,26,1997,32,32,"2,880",32,34,1.06,127,92,76.4,17,9,6,10,31.3,5,4,1,0,20,0,4,0,35.7,0.25,1.7,0.05,98,423,23.2,190,33.2,33.4,82,46.3,40.3,371,47,12.7,57,1.78,14.5,871,1248,69.8,21013,13965,209,210,99.5,457,473,96.6,201,552,36.4,0,0.1,0,-0.1,2,26,1,0,1
178,José Sá,pt POR,GK,Wolves,EPL,31,1993,29,29,"2,609",29,48,1.66,117,69,63.2,11,5,13,7,24.1,7,5,2,0,28.6,1,6,2,43,0.33,-3,-0.1,94,382,24.6,121,39.3,35.3,150,52.7,41.5,433,32,7.4,43,1.48,15.6,592,924,64.1,15372,10433,117,118,99.2,328,338,97,143,460,31.1,0,0.2,0,-0.2,3,22,1,0,2
179,David Raya,es ESP,GK,Arsenal,EPL,28,1995,38,38,"3,420",38,34,0.89,120,86,74.2,20,14,4,13,34.2,3,3,0,0,0,2,8,0,35.2,0.28,1.2,0.03,149,478,31.2,178,29.9,29.9,147,68,49.1,402,54,13.4,66,1.74,17.1,1040,1414,73.6,24802,17242,283,286,99,539,551,97.8,215,570,37.7,0,0,0.1,0,1,45,3,0,14
180,Aaron Ramsdale,eng ENG,GK,Southampton,EPL,26,1998,30,30,"2,700",30,66,2.2,188,120,67.6,2,5,23,3,10,7,5,2,0,28.6,0,10,0,63.5,0.32,-2.5,-0.08,197,605,32.6,129,44.6,36.1,190,77.4,55.9,455,24,5.3,20,0.67,11.8,775,1223,63.4,22014,17055,209,210,99.5,302,313,96.5,258,686,37.6,0,0,0.1,0,0,36,1,0,0
181,Hákon Rafn Valdimarsson,is ISL,GK,Brentford,EPL,22,2001,2,1,145,1.6,2,1.24,4,3,50,0,0,1,1,100,0,0,0,0,,0,0,1,0.6,0.14,-0.4,-0.26,15,38,39.5,7,42.6,34.9,16,93.8,59.3,16,2,12.5,0,0,4.7,46,70,65.7,1445,1110,8,8,100,21,21,100,17,41,41.5,0,0,0,0,0,2,0,0,0
182,Nick Pope,eng ENG,GK,Newcastle Utd,EPL,32,1992,28,28,"2,520",28,35,1.25,120,86,71.7,13,6,9,8,28.6,2,1,1,0,50,0,3,2,34.7,0.28,1.7,0.06,72,257,28,192,25.7,30.7,187,55.6,43.7,359,39,10.9,64,2.29,16,575,782,73.5,14609,8821,119,120,99.2,301,306,98.4,151,351,43,0,0,0,0,1,2,0,0,1
183,Jordan Pickford,eng ENG,GK,Everton,EPL,30,1994,38,38,"3,420",38,44,1.16,163,117,73,11,15,12,12,31.6,2,0,2,0,100,1,6,0,48.8,0.3,4.8,0.13,304,807,37.7,160,48.9,39.8,234,62.4,48.5,558,31,5.6,57,1.5,15.2,1056,1595,66.2,33677,25125,152,153,99.3,458,465,98.5,445,967,46,1,0.4,0.2,0.6,2,74,8,0,0
184,Alex Palmer,eng ENG,GK,Ipswich Town,EPL,27,1996,13,13,"1,170",13,30,2.31,71,43,59.2,1,3,9,0,0,1,1,0,0,0,0,9,2,25.1,0.35,-2.9,-0.22,71,186,38.2,55,36.8,33.9,94,69.1,50.8,249,20,8,13,1,11.5,299,423,70.7,8545,6103,60,62,96.8,142,142,100,96,218,44,0,0,0,0,1,8,0,0,1
185,Stefan Ortega,de GER,GK,Manchester City,EPL,31,1992,13,12,"1,100",12.2,18,1.47,50,33,68,5,4,3,3,25,2,2,0,0,0,1,1,1,16.3,0.31,-0.7,-0.06,40,104,38.5,55,21.5,26.7,49,32.7,28.2,133,6,4.5,12,0.98,14.3,373,459,81.3,8327,5597,102,105,97.1,190,196,96.9,79,154,51.3,0,0,0,0,0,6,0,0,0
186,André Onana,cm CMR,GK,Manchester Utd,EPL,28,1996,34,34,"3,060",34,44,1.29,132,88,68.9,10,9,15,9,26.5,4,3,1,0,25,1,10,1,44,0.31,1,0.03,118,440,26.8,136,29.7,30.3,149,65.8,47.2,399,22,5.5,23,0.68,11.8,948,1306,72.6,22819,13922,220,222,99.1,524,529,99.1,199,544,36.6,0,0.2,0.2,-0.2,1,28,0,0,1
187,Robin Olsen,se SWE,GK,Aston Villa,EPL,34,1990,4,1,226,2.5,6,2.39,14,8,64.3,1,0,0,1,100,1,1,0,0,0,0,0,0,6.6,0.42,0.6,0.23,19,53,35.8,1,41.9,35.6,26,84.6,60.2,39,3,7.7,0,0,8.6,65,100,65,2098,1610,11,11,100,32,32,100,22,57,38.6,0,0,0,0,0,3,0,0,0
188,Neto,br BRA,GK,Bournemouth,EPL,35,1989,2,2,180,2,2,1,13,11,84.6,0,2,0,0,0,0,0,0,0,,0,0,0,4.3,0.35,2.3,1.17,9,27,33.3,7,43.5,36.8,15,46.7,38.9,30,2,6.7,3,1.5,12.6,40,62,64.5,1183,896,7,7,100,21,21,100,12,33,36.4,0,0,0,0,0,2,0,0,0
189,Arijanet Muric,xk KVX,GK,Ipswich Town,EPL,25,1998,18,18,"1,620",18,33,1.83,100,67,70,2,6,10,1,5.6,3,3,0,0,0,0,2,0,31.4,0.29,-1.6,-0.09,76,229,33.2,94,29.6,30.3,94,75.5,54.6,249,39,15.7,20,1.11,12.2,454,633,71.7,11705,8247,122,122,100,215,221,97.3,115,283,40.6,0,0,0,0,0,14,0,0,1
190,Alex McCarthy,eng ENG,GK,Southampton,EPL,34,1989,5,5,450,5,13,2.6,37,24,70.3,0,0,5,0,0,2,2,0,0,0,0,1,0,12.6,0.29,-0.4,-0.07,24,52,46.2,29,33.3,29.5,23,34.8,30.7,74,8,10.8,0,0,6.5,117,156,75,2823,1985,41,43,95.3,45,49,91.8,30,61,49.2,0,0,0,0,0,5,0,0,0
191,Emiliano Martínez,ar ARG,GK,Aston Villa,EPL,31,1992,37,37,"3,194",35.5,45,1.27,142,96,69,18,9,10,8,21.6,2,1,1,0,50,1,2,0,45.8,0.32,0.8,0.02,162,420,38.6,133,26.3,30.4,172,59.3,46.3,498,56,11.2,35,0.99,13.7,1091,1387,78.7,28653,17493,194,198,98,629,640,98.3,268,542,49.4,0,0.5,0.1,-0.5,2,27,0,0,4
192,Joe Lumley,eng ENG,GK,Southampton,EPL,29,1995,3,3,270,3,7,2.33,20,13,65,0,1,2,0,0,0,0,0,0,,0,1,0,7.7,0.39,0.7,0.22,15,50,30,14,34.1,30,15,26.7,24,56,2,3.6,7,2.33,18,106,151,70.2,2342,1476,42,44,95.5,42,46,91.3,21,59,35.6,0,0,0,0,0,2,0,0,0
193,Bernd Leno,de GER,GK,Fulham,EPL,32,1992,38,38,"3,420",38,54,1.42,159,106,67.9,15,9,14,5,13.2,4,3,1,0,25,0,6,2,48.8,0.29,-3.2,-0.08,141,367,38.4,167,22.7,28.9,172,51.2,41.9,507,23,4.5,33,0.87,13.3,1148,1403,81.8,28192,16967,226,227,99.6,683,691,98.8,227,471,48.2,1,0.1,0.1,0.9,2,16,2,0,0
194,Antonín Kinský,cz CZE,GK,Tottenham,EPL,21,2003,6,6,540,6,11,1.83,32,23,65.6,1,0,5,1,16.7,0,0,0,0,,0,1,2,10.1,0.32,1.1,0.18,17,58,29.3,37,26.9,30.9,30,26.7,29.1,110,10,9.1,9,1.5,12.1,167,217,77,4022,2525,27,27,100,98,101,97,39,84,46.4,0,0.1,0,-0.1,1,2,0,0,1
195,Tom King,wls WAL,GK,Wolves,EPL,29,1995,1,0,1,0,0,0,0,0,,0,0,0,0,,0,0,0,0,,0,0,0,0,,0,0,0,0,,1,0,17,0,,,1,0,0,0,0,,0,1,0,0,0,0,0,,0,1,0,0,0,,0,0,0,0,0,0,0,0,0
196,Caoimhín Kelleher,ie IRL,GK,Liverpool,EPL,25,1998,10,10,900,10,12,1.2,37,24,67.6,7,2,1,4,40,1,0,1,0,100,0,1,0,11.6,0.3,-0.4,-0.04,29,115,25.2,49,28.6,29,18,61.1,42.8,113,6,5.3,9,0.9,14,289,382,75.7,6252,3968,99,99,100,147,147,100,43,135,31.9,0,0,0,0,0,6,0,0,0
197,Filip Jørgensen,dk DEN,GK,Chelsea,EPL,22,2002,6,6,540,6,9,1.5,28,19,71.4,3,0,3,1,16.7,1,1,0,0,0,0,1,0,9.3,0.3,0.3,0.04,7,33,21.2,19,18.1,24.1,18,11.1,17.5,53,2,3.8,2,0.33,13.2,158,189,83.6,2843,1649,64,64,100,79,81,97.5,11,40,27.5,0,0,0,0,0,1,0,0,0
198,Sam Johnstone,eng ENG,GK,Wolves,EPL,31,1993,7,7,630,7,17,2.43,39,23,61.5,0,1,6,0,0,2,2,0,0,0,0,5,1,13,0.29,-3,-0.43,52,129,40.3,28,45.6,36.6,25,56,43.2,104,8,7.7,11,1.57,13.4,184,278,66.2,5548,4270,31,32,96.9,80,82,97.6,72,160,45,0,0,0,0,1,6,0,0,0
199,Vitezslav Jaros,cz CZE,GK,Liverpool,EPL,23,2001,1,0,12,0.1,0,0,1,1,100,0,0,0,1,,0,0,0,0,,0,0,0,0,0.03,0,0.25,5,7,71.4,2,85.7,50.9,1,100,59,2,0,0,0,0,11,6,8,75,302,273,0,0,,1,1,100,5,7,71.4,0,0,0,0,0,2,0,0,0
200,Mads Hermansen,dk DEN,GK,Leicester City,EPL,24,2000,27,27,"2,385",26.5,58,2.19,155,99,64.5,3,6,18,1,3.7,4,3,1,0,25,0,3,3,56.4,0.35,1.4,0.05,114,471,24.2,133,39.2,34.6,143,75.5,51.5,419,26,6.2,26,0.98,13.1,654,1073,61,17066,12387,151,155,97.4,312,329,94.8,191,584,32.7,0,0,0,0,0,20,1,0,1
201,Dean Henderson,eng ENG,GK,Crystal Palace,EPL,27,1997,38,38,"3,420",38,51,1.34,150,101,66.7,13,14,11,11,28.9,2,1,1,0,50,1,5,3,51.2,0.35,3.2,0.08,157,601,26.1,115,47.4,38.5,273,56.4,45,559,31,5.5,40,1.05,14.3,745,1217,61.2,20402,13552,180,181,99.4,350,353,99.2,211,678,31.1,0,0.1,0.1,-0.1,2,23,1,0,0
202,Fraser Forster,eng ENG,GK,Tottenham,EPL,36,1988,7,7,630,7,15,2.14,42,27,69,1,2,4,1,14.3,2,2,0,0,0,0,1,0,16.5,0.36,1.5,0.21,11,31,35.5,30,21.3,27.2,56,1.8,14.6,81,4,4.9,3,0.43,11.1,168,198,84.8,3349,2105,54,55,98.2,86,90,95.6,23,47,48.9,0,0,0,0,0,1,0,0,0
203,Mark Flekken,nl NED,GK,Brentford,EPL,31,1993,37,37,"3,275",36.4,55,1.51,203,150,73.4,16,8,13,7,18.9,1,1,0,0,0,0,2,2,53,0.26,0,0,249,660,37.7,122,33.8,34.5,212,72.6,54.8,581,46,7.9,34,0.93,11.5,1253,1717,73,37031,25345,152,155,98.1,676,692,97.7,425,863,49.2,2,0.5,0.1,1.5,3,50,2,0,0
204,Łukasz Fabiański,pl POL,GK,West Ham,EPL,39,1985,14,13,"1,160",12.9,21,1.63,71,50,74.6,6,3,4,2,15.4,3,3,0,0,0,1,3,0,22.6,0.29,1.6,0.12,78,226,34.5,57,41.9,35.5,100,61,45.1,217,9,4.1,12,0.93,13.4,333,495,67.3,9657,6875,59,59,100,159,160,99.4,115,275,41.8,0,0,0,0,0,5,0,0,0
205,Ederson,br BRA,GK,Manchester City,EPL,30,1993,26,26,"2,320",25.8,26,1.01,78,53,69.2,16,4,6,10,38.5,2,2,0,0,0,0,3,1,30,0.37,5,0.19,73,166,44,108,17.5,27.9,76,23.7,32.1,224,13,5.8,49,1.9,17.5,810,922,87.9,19920,13257,141,141,100,469,477,98.3,196,299,65.6,4,1.5,0.2,2.5,4,21,1,0,2
206,Martin Dúbravka,sk SVK,GK,Newcastle Utd,EPL,35,1989,10,10,900,10,12,1.2,41,29,70.7,7,0,3,5,50,0,0,0,0,,0,1,0,12.9,0.32,0.9,0.09,18,80,22.5,54,15.8,25.2,59,62.7,45.4,127,10,7.9,11,1.1,15.3,265,333,79.6,5932,3082,58,58,100,161,161,100,45,112,40.2,0,0,0,0,0,0,0,0,0
207,Daniel Bentley,eng ENG,GK,Wolves,EPL,31,1993,2,2,180,2,4,2,12,8,66.7,1,0,1,1,50,0,0,0,0,,1,0,0,3.9,0.33,-0.1,-0.04,7,21,33.3,6,25,28.1,13,61.5,46.4,25,0,0,3,1.5,16.4,49,65,75.4,1252,851,6,6,100,33,33,100,10,26,38.5,0,0,0,0,0,1,0,0,0
208,Altay Bayındır,tr TUR,GK,Manchester Utd,EPL,26,1998,4,4,360,4,10,2.5,17,8,41.2,1,0,3,1,25,0,0,0,0,,0,0,1,10.1,0.59,1.1,0.27,14,63,22.2,12,34.6,34.4,25,76,53.9,55,4,7.3,7,1.75,12,92,152,60.5,2499,1461,13,13,100,52,55,94.5,27,82,32.9,0,0,0,0,0,1,0,0,0
209,Brandon Austin,eng ENG,GK,Tottenham,EPL,25,1999,1,1,90,1,2,2,4,2,50,0,0,1,0,0,0,0,0,0,,0,0,0,2.2,0.55,0.2,0.2,3,11,27.3,5,38.5,32.3,6,16.7,29,15,5,33.3,2,2,12.4,22,32,68.8,526,386,7,7,100,9,9,100,6,16,37.5,0,0,0,0,0,0,0,0,0
210,Kepa Arrizabalaga,es ESP,GK,Bournemouth,EPL,29,1994,31,31,"2,790",31,39,1.26,134,95,73.9,13,7,11,8,25.8,4,4,0,0,0,0,4,0,41,0.28,2,0.07,132,365,36.2,122,33.3,32.9,192,46.4,38.7,367,22,6,54,1.74,16,750,1025,73.2,20474,13897,120,122,98.4,388,395,98.2,241,500,48.2,0,0,0,0,1,10,0,0,2
211,Alphonse Areola,fr FRA,GK,West Ham,EPL,31,1993,26,25,"2,260",25.1,41,1.63,115,77,64.3,5,7,13,5,20,0,0,0,0,,0,5,3,35.4,0.31,-2.6,-0.1,135,384,35.2,119,34.4,32.1,196,57.7,42.9,394,15,3.8,30,1.19,15,688,989,69.6,18224,12284,153,154,99.4,334,350,95.4,198,473,41.9,0,0,0,0,0,11,0,0,1
212,Alisson,br BRA,GK,Liverpool,EPL,31,1992,28,28,"2,508",27.9,29,1.04,100,73,72,18,7,3,9,32.1,1,1,0,0,0,0,2,2,30.7,0.3,3.7,0.13,68,203,33.5,128,19.7,26.6,80,37.5,33.4,255,11,4.3,49,1.76,16,794,959,82.8,17558,11367,229,232,98.7,426,433,98.4,137,289,47.4,0,0.6,0.2,-0.6,1,12,0,0,1
